1	0.037764633	0.00025311236	0.003977076	0.020764058	0.02173118	0.114	0.414	0.718	0.889	0.969	1.002	1.014	1.017	0.905	0.605	0.304	0.138	0.061	0.053973303	0.0146603	0.035561278	0.045494101	0.030238212	0.043190555	0.021148818	0.039419722	0.017780126	0.04535716	0.04564139	0.018776462	0.012347944	0.02442172	0.018924466	0.0069161007	0.042104272	0.00051942129	-0.114	-0.399	-0.682	-0.836	-0.906	-0.933	-0.943	-0.944	-0.944	-0.948	-0.949	-0.946	-0.948	-0.951	-0.952	-0.952	-0.953	-0.952	-0.952	-0.952	-0.95	-0.949	-0.952	-0.956	-0.96	-0.961	-0.959	-0.958	-0.96	-0.961	-0.96	-0.96	-0.959	-0.958	-0.956	-0.953	-0.949	-0.947	-0.948	-0.951	-0.95	-0.945	-0.941	-0.941	-0.943	-0.944	-0.943	-0.944	-0.952	-0.957	-0.953	-0.946	-0.838	-0.56	-0.284	-0.131	-0.057	-0.015058931	0.0059390887	0.0022057233	0.0083295739	0.028908968	0.0049785927	0.041239881	0.010012772	0.019281287	0.033087255	0.0099204681	0.026583031	0.0094319071	0.018443621	0.023889741	0.043350606	0.030228536	0.031086542	0.012996399	0.034532338	0.03117658	0.019603584	0.027655279	0.041001638	0.019075367	0.034208601	0.022830972	0.013387386	0.038906948	0.039187692	0.053616705	0.054673016	0.031523157	0.03978737	0.020660802
1	0.00042488186	0.020981824	0.0025258326	0.020117526	0.037073942	0.034782011	0.083	0.317	0.55	0.68	0.653	0.444	0.22	0.093	0.070778662	0.065886666	0.028743847	0.020472984	0.0051046344	0.034979318	0.0087252853	0.0020647431	0.045125762	0.042510308	0.022553845	-0.004739334	0.025469858	0.022233722	-0.0019671411	0.017403772	0.035050456	0.014614602	-0.0014336194	0.044546991	-0.105	-0.39	-0.675	-0.831	-0.904	-0.937	-0.949	-0.953	-0.956	-0.957	-0.957	-0.961	-0.964	-0.963	-0.958	-0.952	-0.95	-0.95	-0.95	-0.953	-0.956	-0.956	-0.957	-0.956	-0.952	-0.951	-0.952	-0.952	-0.948	-0.946	-0.947	-0.947	-0.953	-0.963	-0.969	-0.97	-0.969	-0.965	-0.959	-0.957	-0.961	-0.964	-0.964	-0.961	-0.961	-0.963	-0.854	-0.567	-0.282	-0.127	-0.053	-0.015365247	0.012254936	0.006275639	0.051419715	0.036678274	0.027762519	0.012281964	0.0025796888	0.0059810169	0.03354389	0.024958947	0.014049092	0.052159357	0.0060923645	0.019117893	0.019295281	0.031271561	0.052437295	0.037049917	0.032577361	0.0084259838	0.034694318	0.044663156	0.016633345	0.030271456	0.019204071	0.025007295	0.0047189444	0.02989895	0.03201885	0.049079953	0.025824827	0.029944055	0.036964033	0.01122764	0.02504034	0.044364509	0.043476064	0.044163213	0.021766566	0.0077890262	0.029194197	0.021837388
1	0.01985576	0.0036765858	0.035077439	0.011545324	0.127	0.462	0.797	0.985	1.074	0.983	0.659	0.329	0.15	0.069	0.049530494	0.040724344	0.037918748	0.0076597084	0.033325635	0.038108341	0.002355183	0.035275945	0.0058735434	0.0045126698	0.030157389	0.0055041688	0.050489093	0.013767635	0.029867548	0.050910705	0.030182345	0.018395716	0.00774318	0.018450358	0.0049792595	0.0053999084	0.045926886	0.021287496	-0.109	-0.398	-0.683	-0.84	-0.912	-0.941	-0.954	-0.96	-0.963	-0.965	-0.966	-0.97	-0.974	-0.971	-0.965	-0.967	-0.972	-0.971	-0.968	-0.968	-0.971	-0.972	-0.971	-0.969	-0.966	-0.968	-0.969	-0.965	-0.963	-0.961	-0.96	-0.96	-0.961	-0.96	-0.96	-0.964	-0.968	-0.969	-0.97	-0.971	-0.973	-0.972	-0.97	-0.971	-0.972	-0.969	-0.968	-0.863	-0.577	-0.288	-0.128	-0.056	0.0070582319	-0.0019795324	0.033353805	0.040041698	0.036635	0.023278327	-0.0042267381	-0.0067349283	0.01103473	0.045247913	0.046580163	0.0156087	0.031552999	0.042983979	0.007943757	0.025884929	0.040536708	0.019715904	0.01317706	0.010578976	-0.00020579717	0.015421146	0.015068841	0.060528159	0.018617595	0.048760359	0.041059251	0.019924015	0.043864909	0.017685771	0.046659284	0.0057168026	0.019495807	0.021592093	0.018679618	0.02247886	0.032203582	0.045187206
1	-0.0058045195	0.0026662398	0.021715744	0.016958353	0.027036981	0.0035956714	0.012597419	0.09	0.338	0.581	0.712	0.772	0.802	0.818	0.732	0.489	0.248	0.115	0.071416383	0.034870151	0.026085352	0.034529395	0.0056796758	0.0023368371	0.033759972	0.042656968	0.030741909	0.017588912	0.020270081	0.020691258	0.026208682	0.051659667	0.0083407721	0.040010656	0.023314637	0.016166998	0.018181915	0.036194158	0.047741957	0.043097735	0.029863972	0.112	0.415	0.723	0.894	0.969	0.999	1.013	1.021	1.025	1.025	1.023	1.022	1.019	1.017	1.019	1.019	1.018	1.015	1.014	1.016	1.018	1.021	1.02	1.018	1.021	1.022	1.022	1.02	1.018	1.02	1.02	1.018	1.017	1.017	1.017	1.016	1.015	1.014	1.014	1.016	1.017	1.015	1.009	1.01	1.017	0.907	0.605	0.306	0.139	0.058	0.045409684	0.0074721171	0.038616449	0.024287251	0.02166114	0.036103101	0.027862932	0.032882089	0.040671358	0.024862058	0.045602172	0.050920546	0.025955442	0.022115532	0.028710872	0.014190117	0.026777058	0.042685738	0.018282146	0.010616587	0.011361074	0.011362604	0.025945068	0.031412962	0.014264444	0.017901617	0.022442366	0.0074004556	0.021471806	0.0054431651	0.045583447	0.0010838558	0.01909122	0.0057053971	0.0035783301	0.031542128	0.03438603
1	0.031380433	0.057092485	0.047269203	0.04387237	0.026901778	0.037878251	0.032261379	0.011464701	0.024362029	0.039082336	0.106	0.384	0.662	0.813	0.881	0.911	0.926	0.827	0.55	0.273	0.123	0.053	0.023166822	0.051129921	0.012812398	0.043928166	0.0011329913	0.014959758	0.014848886	-0.00046490667	0.032822877	0.0060854611	0.010134292	0.038944192	0.03739454	0.010911441	0.044068712	0.016349226	0.029910566	0.043761823	0.032454576	0.024217738	0.028043532	-0.108	-0.388	-0.668	-0.825	-0.898	-0.928	-0.94	-0.944	-0.946	-0.949	-0.95	-0.945	-0.94	-0.937	-0.938	-0.941	-0.942	-0.942	-0.944	-0.944	-0.941	-0.938	-0.938	-0.941	-0.944	-0.944	-0.946	-0.948	-0.947	-0.946	-0.944	-0.94	-0.938	-0.942	-0.95	-0.955	-0.956	-0.955	-0.952	-0.949	-0.946	-0.945	-0.947	-0.948	-0.947	-0.943	-0.942	-0.943	-0.946	-0.948	-0.947	-0.944	-0.943	-0.944	-0.947	-0.948	-0.946	-0.946	-0.844	-0.565	-0.283	-0.126	-0.05	-0.00030502851	0.018802919	0.038632845	0.022510847	0.0045877879	0.015462025	-0.0056316916	0.012894473	-0.0045891752	0.029480553	0.00023996131	0.021224528	0.035658042	0.019190653	0.044963907	0.014297094	0.0054194815	-0.00023045427	0.027151247	0.029029138	0.040782122	0.034723072
1	0.026949368	0.046553283	0.01249595	0.042750198	0.02778757	0.038858944	0.019383026	0.018273748	0.12	0.434	0.747	0.923	1.007	1.038	1.046	1.052	0.939	0.623	0.304	0.13	0.051	0.061336012	0.036400214	0.0053524512	-0.0003654563	0.02379367	0.0076737811	0.016405524	0.038575976	0.049260352	0.042274895	0.047206775	0.0035038926	0.012542408	0.048689615	0.018116364	0.053992364	0.020579384	0.011413614	0.011500252	-0.107	-0.396	-0.685	-0.847	-0.925	-0.958	-0.971	-0.979	-0.985	-0.984	-0.979	-0.978	-0.983	-0.986	-0.988	-0.99	-0.989	-0.985	-0.984	-0.985	-0.986	-0.987	-0.986	-0.985	-0.989	-0.993	-0.994	-0.993	-0.992	-0.99	-0.986	-0.981	-0.98	-0.98	-0.983	-0.986	-0.987	-0.987	-0.987	-0.985	-0.983	-0.982	-0.982	-0.981	-0.98	-0.979	-0.872	-0.583	-0.294	-0.132	-0.055	-0.011529818	0.0014682689	7.6127859e-05	0.041490486	0.037339176	0.039694768	0.012522766	0.055483212	0.025533563	0.04745554	0.019687428	0.04271672	0.038830597	0.037317845	0.00054149601	0.023914402	0.0092937718	0.0090317247	0.0035913165	0.043817808	0.0058645308	0.0075749078	0.046299133	0.039123095	0.042511683	0.0041764753	0.043529554	0.014155193	0.013723285	0.046840932	0.041271348	0.05191402	0.058153234	0.039676077	0.042518082	0.038279709	0.034262045
1	0.045371132	0.030580846	0.0038422667	0.035998476	0.031280292	0.0083493975	0.0057627669	0.014480901	0.023051747	0.040494162	0.107	0.393	0.681	0.847	0.928	0.852	0.572	0.283	0.121	0.056899227	0.063461357	0.0090627711	0.0054068929	0.0045721704	0.031737209	0.037548337	-0.004554332	0.012857951	0.02190675	0.005657396	0.021927542	0.014008635	0.03565497	0.041648617	0.017750049	0.041482893	0.048182063	0.006362657	0.047938605	0.021948214	-0.107	-0.403	-0.699	-0.864	-0.944	-0.978	-0.991	-0.999	-1.001	-1.001	-1.001	-1	-0.997	-1	-1.003	-1.004	-1.008	-1.009	-1.007	-1.003	-1	-1	-1.001	-1.001	-1.001	-1	-0.996	-0.993	-0.99	-0.991	-0.994	-0.994	-0.995	-0.998	-1.001	-1	-0.999	-1.002	-1.004	-1.007	-1.007	-1.007	-1.01	-1.012	-1.01	-1.008	-1.006	-1.004	-1.005	-1.005	-1	-0.996	-0.999	-1.004	-1.009	-1.009	-1.007	-1.007	-1.005	-1.002	-1.002	-0.89	-0.591	-0.292	-0.128	-0.053	0.011571846	0.011218256	0.043076202	0.016305942	0.024488727	0.04024018	0.024335563	0.03386193	0.025164322	0.031041621	0.029625625	0.016539386	0.00010674263	0.024403118	0.011807985	0.017890779	0.050494164	0.043163297	0.044116324	0.039954218	0.022574092	0.014495288
1	0.017550862	0.011831685	0.0054698555	-0.00038758785	0.022074262	0.035427386	0.043687163	0.035410163	0.113	0.417	0.72	0.888	0.97	0.895	0.607	0.308	0.138	0.053	0.063776508	0.029404111	0.041666115	0.030262446	0.009283793	0.053700634	0.020579716	0.038027681	0.0095114322	0.029177969	0.029368168	0.01466266	0.041303955	0.038686354	0.0047654326	0.0012010644	0.039079695	0.020362709	-0.114	-0.412	-0.713	-0.881	-0.958	-0.989	-1.003	-1.008	-1.008	-1.007	-1.01	-1.014	-1.014	-1.012	-1.013	-1.014	-1.013	-1.011	-1.011	-1.01	-1.005	-1.001	-0.999	-1.004	-1.007	-1.009	-1.012	-1.013	-1.014	-1.014	-1.015	-1.016	-1.013	-1.013	-1.015	-1.016	-1.014	-1.012	-1.012	-1.01	-1.008	-1.009	-1.01	-1.01	-1.011	-1.014	-1.016	-1.016	-1.014	-1.011	-0.893	-0.589	-0.289	-0.125	-0.05	0.0082611558	0.0093358403	0.017376947	0.045661837	0.001970936	0.034682027	0.032000732	-0.0026924345	0.043406213	0.036089166	0.032903978	0.023434203	0.026158447	0.0032955139	0.047035919	0.014332916	0.019538113	0.052151043	0.022713995	0.018762965	0.031920957	0.0043008252	0.039352243	0.0033430956	0.037038698	0.037010651	0.022439958	0.050868853	0.033487307	0.024976181	0.038272024	0.04474241	0.036493486	0.049314919	0.0080550872	0.016889084	0.042329657
1	0.033160167	0.025321942	0.0018940854	0.042447325	0.05097055	0.016640997	0.127	0.449	0.766	0.943	1.026	1.065	1.084	1.093	1.096	1.097	1.095	0.972	0.648	0.323	0.143	0.059	0.064424084	0.032633864	0.022287853	0.034008829	0.022632253	0.0038389809	0.014296892	0.0443207	0.027438815	0.042483147	0.0069732479	0.040973862	0.021267873	0.052643301	0.020348798	0.040908293	0.037866841	0.125	0.434	0.748	0.925	1.005	1.037	1.05	1.056	1.058	1.061	1.063	1.06	1.054	1.055	1.061	1.067	1.073	1.075	1.072	1.068	1.069	1.072	1.072	1.068	1.066	1.064	1.065	1.067	1.07	1.072	1.07	1.068	1.066	1.062	1.062	1.063	1.062	1.061	1.062	1.065	1.068	1.07	1.068	1.067	1.071	0.955	0.638	0.319	0.137	0.053	0.051901538	0.052283542	0.043479267	0.032009619	0.012879359	0.01833856	0.0088605045	0.01544655	0.0018838194	0.0060785177	0.011074119	0.0041999745	0.0042974146	0.039414342	0.036732761	0.013057972	0.039588075	0.050269074	0.03687131	0.010028973	0.039108186	0.026230703	0.0013916097	0.021897103	0.047306729	0.046220532	0.049833635	0.017252844	0.035797422	0.019713145	0.0070890611	0.025530342	0.016540905	0.043077153	0.016094525	0.021924345	0.022698522	0.032514987	0.011915032
1	0.030324531	0.039731895	0.033508796	0.043342198	-0.0026233598	-0.00094909182	0.022269912	0.0083444508	0.134	0.478	0.819	1.009	1.099	1.006	0.673	0.336	0.152	0.065	0.042880341	0.0097013575	0.046380528	0.036765978	0.0042448311	0.03922063	0.021513659	0.022703826	0.019594503	-0.0014201994	0.030930502	0.02166448	0.020814568	0.0028390335	0.017537609	-0.0026694647	4.1907501e-06	0.0052820788	0.0013202266	0.0084316494	0.0094904356	0.107	0.375	0.642	0.785	0.855	0.887	0.897	0.9	0.903	0.906	0.906	0.906	0.906	0.906	0.907	0.909	0.908	0.91	0.914	0.916	0.915	0.911	0.909	0.907	0.905	0.906	0.909	0.911	0.912	0.914	0.916	0.914	0.911	0.908	0.908	0.908	0.909	0.911	0.91	0.905	0.903	0.908	0.911	0.911	0.908	0.907	0.91	0.91	0.905	0.904	0.806	0.541	0.271	0.117	0.078546868	0.027524735	0.011558837	0.051539015	0.0021961534	0.0096735107	-0.0016881604	0.033717374	0.013090883	-0.0026692225	-0.0049061413	0.0069833949	0.018579512	0.028627694	0.036786863	0.033169289	0.02206218	0.025440664	0.02437162	0.0022384986	0.0081981936	0.0333359	0.020902958	0.022164179	0.039735639	0.040762831	0.026747618	0.016017501	0.0059762071	0.019718938	0.047346916	0.046558881	0.0096489859	0.016743479	0.017161735
2	0.035078898	0.033360117	0.013875105	0.0011023991	0.0054606886	0.036097982	0.0090843734	0.0034075843	0.023814792	-0.00041049373	0.048618738	0.020067354	0.031110031	0.037737895	0.036304316	0.030345573	0.03176058	0.012185526	0.026395191	0.029255554	0.057883552	0.052825984	0.012122295	0.016611185	0.0068375518	-0.0015872915	0.045303028	0.0039359812	0.021599819	0.05194734	0.025943224	0.033365782	0.0098969597	0.029398194	0.039015702	0.0062718828	0.0011949211	0.017400024	0.085	0.323	0.559	0.691	0.756	0.783	0.792	0.797	0.802	0.807	0.81	0.809	0.809	0.81	0.809	0.809	0.808	0.806	0.804	0.804	0.807	0.813	0.814	0.812	0.808	0.804	0.806	0.811	0.816	0.817	0.815	0.808	0.801	0.799	0.801	0.802	0.801	0.801	0.804	0.808	0.807	0.806	0.808	0.807	0.806	0.805	0.807	0.808	0.81	0.813	0.814	0.813	0.809	0.805	0.806	0.809	0.723	0.485	0.245	0.109	0.06435647	0.040286813	0.018918154	0.030498712	0.0090994103	0.033146339	0.023308746	0.024901288	0.030452707	0.021412216	0.035194636	0.043887561	0.018681162	0.010380217	0.0084547456	0.0097244497	0.0447679	0.047110461	0.034685431	0.0080546327	0.013114252	0.033192964	0.042458884	0.056703196	0.037885807	0.03089862	0.0036546014	0.026906454	0.012218327	0.0064504808
2	0.019342403	0.0013597271	0.030132586	0.020401388	0.0058576657	0.0034466702	0.018424612	0.028864748	-0.0026423318	0.030676183	0.004873346	0.055184789	0.012139491	0.051514505	0.034791637	0.021863491	0.033619287	0.046502535	0.0054113194	0.012932311	0.051701524	0.021366679	0.012586587	0.003733804	0.013299433	0.0045729368	0.012158425	0.050328907	0.046480799	0.030860679	0.0014918689	0.020375189	0.020000958	0.047100029	0.00971321	0.01053832	0.025207425	0.026897372	0.048651253	0.107	0.396	0.689	0.854	0.93	0.964	0.979	0.982	0.983	0.984	0.983	0.977	0.972	0.97	0.973	0.977	0.98	0.987	0.993	0.99	0.987	0.988	0.991	0.991	0.985	0.981	0.98	0.984	0.99	0.992	0.988	0.985	0.988	0.991	0.99	0.987	0.983	0.98	0.981	0.986	0.991	0.991	0.992	0.99	0.876	0.58	0.29	0.131	0.057	0.047670217	0.037448215	0.033381932	0.0083388442	0.0040638264	0.019286721	0.024867707	0.022555316	0.045525261	0.038916769	0.028038139	0.034432283	0.050960028	0.010039057	0.026112681	0.038568529	0.036815141	0.011256959	0.01200252	0.013016908	0.040423091	0.0083706204	0.0071945213	0.026108732	0.048713823	0.011466422	0.02344342	0.0073077048	0.055588174	0.020158453	0.029976235	0.0016963235	0.023420222	0.0019236507	0.009546573	0.040741103	0.041874495	0.017629308	0.030976832	0.034516296
2	0.041747222	0.026262035	0.0024890674	0.023925895	0.039603507	0.039008461	0.021147631	0.018765444	0.026405114	0.020522961	0.023448213	0.0018729446	0.003766064	0.030746577	0.04354786	0.034775415	0.046251109	0.040955577	0.018543766	0.016918974	0.025676501	0.020744765	0.01273871	0.048883031	0.010178469	0.0087539087	0.020608857	0.026569593	0.038964386	0.0020765946	0.026232962	0.010357591	0.01102224	0.026302193	0.032369582	0.0439846	0.032001582	0.013770521	0.032339293	0.0099025671	0.117	0.423	0.731	0.902	0.979	1.013	1.027	1.03	1.032	1.036	1.035	1.035	1.036	1.037	1.04	1.043	1.043	1.04	1.039	1.041	1.04	1.036	1.035	1.034	1.031	1.031	1.034	1.039	1.041	1.039	1.034	1.029	1.029	1.033	1.035	1.036	1.034	1.034	1.04	0.927	0.618	0.308	0.137	0.057	0.052822401	0.03712816	0.028541798	0.025232772	0.05503598	0.015742396	0.011606101	0.039391864	0.03830194	0.049148719	0.019788488	0.023780675	0.049672354	0.037647625	0.050046987	0.048581181	0.026163674	0.029072628	0.026550945	0.038327926	0.032552285	0.052308944	0.035750869	0.03598284	0.027195561	0.010571572	0.00071233322	0.036944592	0.0045633801	0.039512027	0.042119848	0.04212316	0.035241181	0.0057523678	0.028412641	0.040423775	0.028007071	0.042979278	0.0078219738	0.013169194	0.022393536	0.037013136	0.030751863	0.053828632
2	-0.0031766177	0.026413125	0.00084410788	0.026976559	0.045114373	0.019425953	0.0093705343	-0.0066740147	-0.0031852764	0.045097991	0.038296659	0.020072478	0.014489638	0.011296621	0.0010331096	-0.00031740756	-0.010925693	0.019235444	0.0017385583	0.02121672	0.037724618	0.0077218237	0.050193196	0.029442025	0.0073489704	0.036525692	0.009738632	0.0081987351	0.017267415	0.016545283	0.0073540082	0.012407053	0.083	0.328	0.573	0.709	0.773	0.802	0.815	0.818	0.816	0.815	0.819	0.824	0.827	0.824	0.821	0.823	0.823	0.82	0.817	0.818	0.816	0.812	0.809	0.81	0.816	0.818	0.818	0.818	0.818	0.817	0.815	0.814	0.815	0.817	0.812	0.805	0.803	0.804	0.806	0.809	0.812	0.814	0.813	0.812	0.72	0.477	0.237	0.108	0.077181738	0.031484521	0.018885943	0.033324302	0.031387426	0.028216055	0.023205329	0.0035857021	0.013634093	0.028746943	0.0073555195	0.029336776	0.041385584	0.0083329391	0.043747206	0.04521058	0.032439862	0.046582746	0.0043653933	0.040428968	0.025683726	0.019135486	0.0037822597	0.010592933	0.020219587	0.02313439	0.020114027	0.00014655377	0.040893237	0.025664474	0.038186425	0.04492416	0.0094882936	0.00988539	0.011982901	0.037908796	0.018894937	0.0060072405	0.0037030442	0.041673552	0.026169868	0.011956278	0.017030585	0.042735397	0.020153729	0.044714206	0.021252998	0.0084308334
2	0.045355865	0.033895091	0.0075623957	0.012666538	0.011946414	0.02149235	-0.0011011462	0.027855269	0.0449666	0.012638639	0.051748658	0.020021031	0.017505976	0.039480836	0.042810668	0.021794019	0.025758334	0.010550182	0.013389753	0.032726404	0.018535751	0.01435175	-0.0033685065	0.046491682	0.010535255	0.026615573	0.053518816	0.052620378	0.030902199	0.041331208	0.04032337	0.028346711	0.00013808094	0.033680075	0.011050647	0.048764661	0.014392431	0.028936357	0.03540492	0.157	0.561	0.964	1.185	1.287	1.332	1.35	1.358	1.362	1.361	1.361	1.365	1.369	1.369	1.364	1.361	1.363	1.365	1.365	1.363	1.359	1.357	1.357	1.356	1.353	1.35	1.35	1.353	1.356	1.359	1.358	1.358	1.362	1.369	1.37	1.367	1.367	1.367	1.364	1.36	1.358	1.357	1.355	1.354	1.357	1.361	1.362	1.359	1.357	1.353	1.351	1.354	1.362	1.218	0.816	0.412	0.187	0.083	0.079712022	0.048349299	0.048599122	0.05179558	0.030578852	0.040520353	0.0058112946	0.0047780061	0.00042950531	0.014164788	0.009514716	0.041770472	0.046716488	0.044442688	0.028049118	0.047197396	0.013060317	0.038318151	0.047291582	0.0099145125	0.037525918	0.026730907	-0.00083820057	0.034547563	0.043027243	0.029673484	0.040039428	0.042359065	0.042692852	0.030528236	0.0088316772
2	0.050929781	0.045448479	0.042061972	0.015302444	0.027585919	0.016919488	0.0042992544	0.018390229	0.014664028	0.03338469	0.01187446	0.030428913	0.042836558	0.0090006893	0.034550805	0.040608598	0.032637824	0.038518541	-0.00022627174	0.00050897311	0.032858454	0.01438716	0.020357843	0.050648489	0.0094898601	0.024724659	0.018587941	0.018978084	0.011279291	0.0083648629	0.025173086	0.026962621	0.0070978501	0.041663827	0.011638408	0.018554374	0.035525184	0.013664948	0.026577773	0.046870838	0.117	0.418	0.719	0.887	0.969	1.009	1.027	1.036	1.039	1.04	1.039	1.038	1.036	1.032	1.027	1.026	1.025	1.022	1.022	1.027	1.03	1.03	1.029	1.028	1.028	1.029	1.032	1.038	1.037	1.033	1.029	1.026	1.027	1.029	1.028	1.025	1.022	1.023	1.028	1.029	1.027	1.026	1.027	1.032	1.031	1.026	1.021	1.02	1.023	0.911	0.606	0.302	0.136	0.06	0.071716962	0.055310807	0.038153494	0.007281665	0.010201204	0.032573439	0.030851179	0.019224335	0.0043251627	0.00931493	0.041925682	0.022499899	0.035077685	0.048866785	0.0076516371	0.027863956	0.011307972	0.011276262	0.035050775	0.04304881	0.035404391	-0.0013843403	0.035170996	0.0089652925	0.015421411	-0.001928908	0.0011284759	0.022693278	0.017271306	0.03041236	0.043342857	0.021740895	0.036404117	0.031818808
2	0.026140429	0.02758487	-0.0048598378	0.00042644986	0.032552571	0.010513417	0.018119649	0.012973163	0.038260744	0.0069169548	0.045694769	0.041036786	0.02314615	0.014129796	0.012733357	0.034827935	0.035155981	0.036800989	0.0095064262	0.008901179	0.043256131	0.028702356	0.017794722	0.037090999	0.030985882	0.050838516	0.0015217485	0.025020958	0.0095621043	0.035376064	0.030517234	0.010076236	0.0017130109	0.0051117271	0.04185387	0.0095667357	0.03112965	0.048255343	0.134	0.487	0.841	1.037	1.13	1.172	1.193	1.205	1.213	1.214	1.211	1.208	1.204	1.201	1.2	1.2	1.202	1.205	1.208	1.207	1.205	1.203	1.199	1.197	1.2	1.204	1.2	1.192	1.19	1.198	1.207	1.209	1.209	1.208	1.205	1.199	1.195	1.195	1.196	1.196	1.195	1.197	1.2	1.202	1.2	1.2	1.201	1.203	1.207	1.075	0.713	0.351	0.151	0.06	0.032157231	0.020237539	0.0086878288	0.0043868573	0.015942667	0.038590862	0.030456522	0.0042932617	0.0046958322	0.039496509	0.038640616	0.035993327	-0.0047501859	0.044011349	0.020690407	0.047741521	0.0098348837	0.025183046	0.045780682	0.0043918636	0.023546782	-0.0044881023	0.018064288	0.042541746	0.0055146769	0.017401777	0.042547635	0.040152034	0.020396938	0.0047334671	0.01217781	0.0074214581	0.030918182	0.015120236	0.029301206	-0.0058164213
2	0.0063211029	0.009380604	0.040011962	0.043594005	0.015431774	-0.0027706125	0.010750054	0.0017837937	0.018642054	0.037854106	0.011616715	0.03102478	0.035605757	0.045523205	0.047336598	0.03370288	-0.0058336365	0.038836583	0.042581287	0.022206702	0.045261898	0.017802364	0.047876332	0.034463047	0.013794285	0.0053772861	0.025935778	0.03061907	-0.00089798613	0.040059705	0.039511884	0.031878948	0.049487034	0.035345959	0.030489109	0.044630082	0.027478689	0.045621436	0.084	0.311	0.539	0.665	0.725	0.75	0.76	0.765	0.766	0.765	0.764	0.763	0.767	0.77	0.767	0.765	0.766	0.766	0.768	0.77	0.772	0.772	0.77	0.767	0.765	0.762	0.759	0.762	0.765	0.766	0.767	0.762	0.757	0.756	0.757	0.761	0.767	0.772	0.774	0.774	0.772	0.767	0.766	0.766	0.765	0.763	0.765	0.767	0.681	0.451	0.222	0.096	0.089845688	0.024333616	0.017692709	0.034852183	0.054097225	0.034306859	0.020519075	0.014940032	0.047631602	0.013869637	0.02444363	0.024925035	0.0028734757	0.022813823	0.036931157	0.022473589	0.00055478968	0.00049476933	0.034198621	0.044698484	0.022221851	0.032515042	0.010355441	0.020158603	0.013017482	0.053529385	0.0191234	0.020812665	0.029589052	0.017572483	-0.0060207578	-0.0040707647	0.032843327	0.024834268	0.021688613	0.0030270801	0.043418784	0.045978081
2	0.0092460598	0.0038248369	0.0030801309	0.035120202	0.045852617	0.027905635	0.033114349	0.023580985	-0.0039279337	0.0037813285	0.010291866	0.040296725	0.027399339	0.047234996	0.040447357	0.022696252	0.037090014	0.027206899	0.022124252	0.019748278	0.0032291863	0.03941481	0.023650489	0.046617744	0.033249905	0.05630736	0.035637524	0.0081070627	0.032281318	0.043956182	0.032998085	-0.0035864854	0.023955926	0.09	0.338	0.586	0.726	0.794	0.825	0.836	0.837	0.837	0.84	0.843	0.843	0.844	0.846	0.846	0.844	0.844	0.844	0.846	0.85	0.848	0.845	0.846	0.846	0.841	0.837	0.838	0.839	0.838	0.837	0.838	0.841	0.845	0.844	0.841	0.842	0.845	0.845	0.844	0.843	0.846	0.848	0.846	0.844	0.845	0.848	0.852	0.76	0.509	0.257	0.114	0.075449696	0.0455939	0.051512116	0.025656359	0.020949282	0.022116902	0.0028048198	0.023753485	0.032896412	0.055859319	0.030900256	0.034331452	0.016959567	0.045007671	0.038363773	0.042943381	0.035500371	0.036819159	0.050525262	0.040974816	0.029423483	0.034328684	0.031863827	0.018882933	0.047148413	0.0093666165	-0.00023788916	0.025705631	0.035856305	0.044037712	0.040275713	0.031593996	0.027473193	0.00080943677	0.027174337	0.038434218	0.034530467	0.01209302	0.031117289	0.034468192	0.019124744	0.03265032	-0.0015038401	0.044440578
2	0.015835383	0.049927287	0.055518236	0.030350692	0.00021551933	0.0092931114	0.033688337	0.00053165894	0.012568005	0.029296703	-0.0063830182	0.031780806	-0.0008577372	0.043796585	0.025517052	0.0062269126	0.02270449	0.030665091	0.014410936	0.042788673	0.02945584	0.0056173566	0.0084103931	0.032575666	0.021998417	0.0015581619	0.0099273035	-0.003678334	-0.0013156331	0.043131292	0.047943526	0.016587738	0.0054854477	0.028227557	0.031228852	0.037155165	0.006852677	0.02476764	0.019005472	0.082	0.308	0.533	0.654	0.708	0.731	0.741	0.745	0.747	0.75	0.75	0.749	0.751	0.756	0.759	0.76	0.76	0.759	0.757	0.757	0.761	0.766	0.765	0.762	0.759	0.757	0.757	0.758	0.758	0.757	0.753	0.748	0.751	0.756	0.756	0.752	0.751	0.754	0.756	0.754	0.753	0.752	0.75	0.751	0.754	0.756	0.754	0.753	0.752	0.752	0.756	0.76	0.759	0.757	0.758	0.761	0.765	0.766	0.763	0.758	0.67	0.447	0.226	0.104	0.060087455	0.058411251	0.0092014217	0.0092997792	0.037042685	0.007128392	-0.0066336044	0.013818691	0.040676985	0.050157012	0.051189781	0.030381704	0.0084785373	0.04096128	0.04662376	0.03018186	0.0042860999	0.010385607	0.0083923117	0.012824332	0.034799695	0.040201583	0.024172585	0.034069292	0.025986618
3	0.0049449236	0.02994336	0.012894783	0.041945601	0.0033936837	0.018608173	0.0069281203	0.026429028	0.0098296574	0.014564704	0.0082388782	0.0052330013	0.022393885	0.0092218567	0.020235977	0.024075295	0.005400971	0.047277288	0.021327368	0.016719464	0.0036881841	0.047899706	0.014932746	0.004323772	-0.0002417496	0.017263246	-0.0030752455	0.026616687	0.034736316	0.022916208	0.0065704074	0.014326743	0.047873209	0.047016579	0.0030938552	0.042799956	0.02041915	0.031536451	0.014653879	0.043255883	0.0048959006	0.013925752	-0.128	-0.477	-0.825	-1.018	-1.106	-1.142	-1.156	-1.16	-1.162	-1.166	-1.171	-1.172	-1.171	-1.172	-1.172	-1.17	-1.168	-1.169	-1.171	-1.177	-1.18	-1.179	-1.178	-1.175	-1.169	-1.168	-1.169	-1.167	-1.163	-1.16	-1.162	-1.166	-1.164	-1.162	-1.162	-1.163	-1.164	-1.169	-1.173	-1.172	-1.17	-1.172	-1.174	-1.172	-1.163	-1.16	-1.165	-1.039	-0.694	-0.347	-0.156	-0.066	0.014645857	0.0037485036	0.020002965	0.010541396	0.04481672	0.0024594863	-0.0017362915	-0.00023316515	0.023063424	0.032225119	0.028307621	0.028992878	0.051226413	0.040699715	0.037513741	0.04942351	0.04439299	0.022061005	0.024933891	0.017428492	0.017351927	0.089	0.323	0.556	0.683	0.656	0.448	0.222	0.099	0.086371036	0.025931849	0.040767687	0.040368163	0.0095370751
3	0.026201275	0.0074400172	0.017934264	0.019776706	0.023636382	0.029624069	0.0042278041	0.016356067	0.031249629	0.014326693	0.050037413	0.016796591	0.041579266	0.030106436	-0.002120492	0.0060694241	0.036646077	0.012087762	0.020995898	0.029082643	0.026469539	0.037874627	0.018778864	0.0030820372	0.037007251	0.015051444	0.024306171	0.039313877	0.015680932	0.04731383	0.042022076	0.014683257	0.022101309	0.029307472	0.00441532	0.029867671	0.034600547	-0.158	-0.563	-0.972	-1.203	-1.312	-1.362	-1.388	-1.396	-1.396	-1.394	-1.392	-1.39	-1.39	-1.389	-1.381	-1.375	-1.379	-1.382	-1.384	-1.387	-1.386	-1.384	-1.384	-1.389	-1.394	-1.393	-1.39	-1.391	-1.392	-1.39	-1.39	-1.392	-1.391	-1.388	-1.388	-1.388	-1.388	-1.39	-1.391	-1.39	-1.389	-1.389	-1.389	-1.388	-1.384	-1.381	-1.38	-1.381	-1.38	-1.382	-1.39	-1.239	-0.824	-0.409	-0.178	-0.073	0.013519749	-0.0078270636	0.034306496	-0.00038589644	0.023496512	0.030221208	0.012469521	0.0023756684	0.036747238	-0.0011196627	-0.0026420982	0.012390941	0.0079457528	0.092	0.346	0.6	0.74	0.801	0.823	0.83	0.834	0.738	0.488	0.243	0.107	0.058225649	0.030141737	0.020067398	0.046980268	0.03983926	0.043437942	0.013386886	0.0021647962	0.046899938	0.024403212
3	0.036091001	0.010280046	0.017810191	0.04945579	0.0085564052	0.0018765892	0.0019697484	0.025738257	0.02602701	0.031523203	0.039431096	0.023365382	0.045372845	0.015704743	0.034638336	0.051585134	0.033379762	0.035835357	0.025221321	0.0025960131	0.032723998	0.027021472	0.045325071	0.033072123	0.052918019	0.001964553	0.019497238	0.0051870754	0.014906308	0.033567465	0.010283492	0.0072053643	0.046230268	0.030141246	0.12	0.445	0.769	0.947	1.027	1.06	1.072	1.078	1.081	1.082	1.08	1.077	1.075	1.079	1.087	1.093	1.091	1.086	1.08	1.076	1.078	1.081	1.081	1.08	1.082	1.084	1.082	1.078	1.078	1.079	1.083	1.088	1.089	1.087	1.087	1.089	1.088	1.087	1.086	1.086	0.965	0.643	0.321	0.144	0.062	0.045951851	0.058448866	0.019233244	0.037246323	0.018938541	0.026825213	0.04156537	0.024134732	0.012984811	0.042524802	0.026193703	0.010082932	0.024144642	0.007900423	0.02069332	0.013736901	0.040741176	0.022086113	0.024456522	0.031824587	0.01260515	-0.0065246652	-0.0012234839	0.03301756	0.038831447	0.01689689	0.042221155	0.019620814	0.011085654	0.12	0.446	0.772	0.955	1.043	1.082	1.096	0.978	0.655	0.333	0.153	0.068	0.058664944	0.048090825	0.015238165	0.0058206285	0.011546653	0.0049040578	0.011745922	0.033174488
3	0.010947186	0.020629861	0.019042316	0.013412584	0.016904595	0.025518376	0.019194713	0.014070857	0.036295036	0.045496518	0.033467979	-0.0020851159	0.024386855	-0.0035846544	-0.00336696	0.016450423	0.0041495537	0.013326846	0.013283351	0.039100218	0.044763628	0.038284747	0.021448972	0.023758793	0.045336305	0.024071683	0.045541481	0.026780451	0.037878848	0.029508272	0.035642142	0.045959084	0.017335855	0.045939736	0.050282856	0.013416368	0.046870737	0.024776881	-0.118	-0.431	-0.747	-0.927	-1.014	-1.051	-1.059	-1.058	-1.061	-1.064	-1.065	-1.065	-1.067	-1.07	-1.069	-1.063	-1.061	-1.062	-1.066	-1.07	-1.072	-1.072	-1.069	-1.065	-1.065	-1.067	-1.07	-1.073	-1.074	-1.074	-1.071	-1.07	-1.072	-1.073	-1.072	-1.07	-1.068	-1.068	-1.068	-1.069	-1.073	-1.073	-1.07	-1.07	-1.07	-1.071	-1.074	-1.074	-1.068	-0.943	-0.626	-0.315	-0.142	-0.06	-0.0089669018	-0.0058218772	0.039881599	0.023423648	0.043028816	0.032685727	0.018600862	0.013163971	0.033835459	0.036514882	0.041069235	0.035804136	0.038451203	0.012291099	0.0069470295	0.024746583	0.024701853	0.114	0.422	0.726	0.892	0.969	1.003	1.018	1.023	0.911	0.609	0.307	0.137	0.052	0.01663251	0.042944216	0.0051458638	0.017876667	0.00048031413	0.019827202
3	0.014447819	0.027540179	0.029135143	0.0087388145	0.050766523	0.050862295	0.03073532	0.022472533	0.049534569	0.0081791867	0.027928749	0.025670749	0.021670764	0.055413435	0.048508244	0.030283924	0.013661207	0.032201447	-0.0039995582	0.015377274	0.014660298	0.025217319	0.037607036	0.00088943434	-0.0031281622	0.023016301	0.007266114	0.044171412	0.035055495	0.0038973889	0.046161767	0.020614204	0.040547147	0.017247532	0.037342626	0.0357519	0.04016001	0.134	0.493	0.847	1.043	1.138	1.184	1.203	1.211	1.215	1.213	1.211	1.211	1.211	1.211	1.211	1.212	1.214	1.213	1.211	1.212	1.214	1.212	1.214	1.217	1.216	1.207	1.202	1.204	1.208	1.214	1.218	1.219	1.22	1.219	1.214	1.206	1.202	1.204	1.208	1.209	1.209	1.209	1.212	1.212	1.209	1.208	1.21	1.08	0.725	0.367	0.164	0.068	0.056003466	0.029672457	0.033285467	0.017768196	0.046946308	0.012128544	-0.0040365775	0.019799203	-0.0097237625	0.030296381	0.012676234	0.045795305	0.00067984984	0.0096486011	0.04324386	0.0096415675	0.0082223083	0.015090942	0.118	0.415	0.714	0.884	0.965	0.999	0.896	0.594	0.293	0.128	0.052	0.028971868	0.020197513	0.025705695	0.047774109	0.030197305	0.046021928	0.023462093	0.044237029	0.0098421582	0.044154025
3	0.04261857	0.031258893	0.04555597	0.014093688	0.014428672	0.0074336948	0.038487769	0.020090549	0.041906797	0.049253678	0.039153328	0.025029775	0.016637942	0.027680235	0.021378401	0.044496467	0.0077024326	0.007546547	0.037797261	0.044982386	0.038135095	0.0044120631	0.01872038	0.023051476	0.0011132956	0.027420922	0.0050180142	0.041706283	0.026646256	0.0089564059	0.024823451	-0.0028547847	0.007442618	0.021267807	0.043875939	0.030318526	0.0022658313	0.0085770312	0.01801597	0.111	0.407	0.702	0.865	0.941	0.977	0.992	0.996	0.992	0.983	0.977	0.977	0.983	0.989	0.992	0.994	0.994	0.989	0.986	0.987	0.986	0.983	0.984	0.987	0.995	0.999	0.997	0.993	0.99	0.99	0.991	0.989	0.987	0.986	0.985	0.985	0.988	0.989	0.989	0.991	0.992	0.993	0.993	0.99	0.987	0.985	0.982	0.983	0.988	0.991	0.991	0.88	0.586	0.29	0.125	0.081624253	0.042210095	0.015139758	0.014328978	0.053841896	0.013503212	0.019743668	0.026008582	0.0042503479	0.019452494	0.0466289	0.012010349	0.109	0.4	0.689	0.849	0.926	0.96	0.97	0.974	0.979	0.98	0.87	0.582	0.296	0.137	0.061	0.045994688	0.016570574	0.035082589	0.029419838	0.042603962	0.019625486	0.01997462
3	-0.0025523436	0.016023735	0.01021792	0.011334901	0.014867486	0.016541877	-0.0061968027	-0.0099739221	0.014222249	0.0036543537	-0.0001156648	0.051740809	0.039293029	0.013799577	0.016387461	0.038145002	-0.00125554	0.010742183	0.0060132057	0.02678699	0.03806508	0.011539643	0.045351993	0.0276333	0.020240436	0.026164399	0.019787744	0.028115768	0.049132251	0.036696408	0.032493213	0.0088852392	0.031627013	0.037601179	0.050353951	0.035978842	0.0067504437	0.0093034888	0.023833113	-0.131	-0.471	-0.812	-1	-1.083	-1.119	-1.137	-1.145	-1.144	-1.144	-1.145	-1.146	-1.147	-1.145	-1.142	-1.141	-1.142	-1.14	-1.138	-1.139	-1.141	-1.145	-1.148	-1.145	-1.141	-1.142	-1.146	-1.148	-1.149	-1.148	-1.143	-1.14	-1.142	-1.144	-1.141	-1.142	-1.145	-1.145	-1.144	-1.144	-1.144	-1.147	-1.149	-1.147	-1.147	-1.021	-0.681	-0.339	-0.147	-0.059	0.018407349	-0.0059301756	0.03957633	-0.00076861477	0.033103124	0.040097132	0.01788826	0.032994293	0.045593449	0.016118925	0.017765227	0.032629464	0.039545729	0.015073769	0.038193897	0.021026486	0.12	0.434	0.746	0.919	1.001	1.039	1.057	1.066	0.95	0.631	0.308	0.13	0.052	0.061863532	0.053760798	0.010021637	0.0073811072	0.024623049	0.036584723	-0.00072488138	0.012797836	0.033052438	0.034233759
3	0.031711403	0.0042359017	0.0061757664	0.00024128143	0.041134742	0.021516495	0.028519972	0.027069388	0.045219995	0.0091884724	0.040813407	0.014802545	0.037409114	0.010219435	0.042529618	0.014386931	0.019577008	0.0058852348	0.024695659	0.0012843404	0.033307322	0.013824044	0.017180649	0.016903515	0.035496657	0.01617411	0.0024758678	0.036888763	0.0085219536	0.041304329	0.018964693	0.016853673	0.020592384	0.034318192	0.03329963	0.029293463	-0.123	-0.464	-0.81	-1.001	-1.086	-1.122	-1.138	-1.145	-1.149	-1.152	-1.152	-1.153	-1.154	-1.156	-1.155	-1.153	-1.152	-1.155	-1.155	-1.151	-1.147	-1.148	-1.151	-1.151	-1.153	-1.155	-1.156	-1.157	-1.158	-1.156	-1.154	-1.155	-1.155	-1.153	-1.153	-1.154	-1.153	-1.15	-1.148	-1.15	-1.152	-1.154	-1.156	-1.155	-1.151	-1.147	-1.145	-1.143	-1.143	-1.143	-1.143	-1.145	-1.15	-1.152	-1.149	-1.147	-1.144	-1.139	-1.135	-1.136	-1.141	-1.146	-1.149	-1.15	-1.149	-1.02	-0.679	-0.337	-0.149	-0.064	-0.023515198	0.0026370183	0.098	0.386	0.672	0.832	0.91	0.944	0.96	0.86	0.574	0.283	0.12	0.049521591	0.019522058	0.034481934	0.010529237	-0.0014036252	0.020477602	0.035247999	0.051910074	0.050559775
3	0.028109501	0.018598951	0.014224629	0.0011051482	0.049008011	0.020561889	0.014803367	0.0064263528	0.024688001	-0.0038076569	0.0014857708	0.040002397	0.042022779	0.014101031	0.0022387994	0.01570574	0.026871097	0.020365144	0.018186949	-0.0021516275	0.025519177	0.023028162	0.015710866	0.046171279	0.0030233674	0.031492806	0.024815429	0.015345725	0.024469785	0.0094005949	0.0073489109	-0.0039154823	0.0010159896	0.036446894	0.042556334	0.017831458	0.030338308	0.027384932	0.027663841	0.023765232	0.048000457	0.0096510404	0.025176977	-0.059	-0.218	-0.375	-0.458	-0.495	-0.511	-0.518	-0.52	-0.521	-0.525	-0.528	-0.526	-0.525	-0.528	-0.528	-0.526	-0.525	-0.525	-0.525	-0.524	-0.522	-0.521	-0.523	-0.526	-0.528	-0.528	-0.527	-0.528	-0.53	-0.527	-0.523	-0.522	-0.522	-0.522	-0.521	-0.521	-0.524	-0.526	-0.525	-0.523	-0.522	-0.52	-0.521	-0.52	-0.518	-0.463	-0.312	-0.158	-0.072	-0.0173309	-0.0046787554	0.028416154	0.040307952	0.048546743	0.027740004	0.020245753	0.042172871	0.049434507	0.044599028	0.042892678	0.041920422	0.040247321	0.01158824	0.014564398	0.05082605	0.033449524	0.018292231	0.106	0.366	0.625	0.77	0.841	0.872	0.887	0.795	0.535	0.271	0.123	0.053	0.05825559	0.043166681	0.021083219	0.024089769	0.017605435	0.012019675
3	-0.0054410702	0.0093167272	-0.0041016392	-0.0017020386	0.0022397973	0.044253782	0.040059464	0.010363615	-0.0037673911	0.021475593	0.0072855264	0.043569289	0.031162232	0.044282344	0.013349636	0.0088449038	0.030467326	0.014669072	-0.0075932538	0.0040225982	0.0030351182	0.017401829	0.018235115	0.053169181	0.015270129	0.0043051301	0.04889597	0.016096463	0.040366829	0.037118965	0.030898952	0.0027597646	0.018571351	0.015673743	0.0060859786	0.017912097	0.017643796	0.010488454	-0.097	-0.357	-0.617	-0.759	-0.826	-0.862	-0.88	-0.884	-0.883	-0.884	-0.887	-0.889	-0.886	-0.88	-0.879	-0.88	-0.881	-0.883	-0.884	-0.884	-0.88	-0.875	-0.873	-0.872	-0.875	-0.88	-0.883	-0.882	-0.879	-0.878	-0.876	-0.872	-0.872	-0.876	-0.883	-0.884	-0.879	-0.877	-0.878	-0.88	-0.881	-0.882	-0.88	-0.877	-0.78	-0.521	-0.26	-0.116	-0.052	0.0065206043	0.032803674	-0.0060693179	0.00699426	0.023439505	-0.00032411354	0.040843837	0.014758654	0.00026817908	0.011073538	0.015157593	0.0044695272	0.011586149	0.0026686379	0.03400657	-0.0029084464	0.01617672	0.028769197	0.033208729	0.022781934	0.056061816	0.055468586	0.0087817829	0.1	0.354	0.604	0.743	0.813	0.847	0.862	0.866	0.77	0.516	0.261	0.116	0.054479596	0.035681465	0.017616499	0.038394249	0.022592183	0.040567153
