dataset_name,OS-CNN,STC,ROCKET,TS-CHIEF,Encoder,FCN,FCN(16),FCN(50),FCN(100),FCN(150),FCN(200),ResNet,MLP,MCNN,t-LeNet,MCDCNN,Time-CNN,TWIESN,1-NN DTW CV,1-NN DTW,LS,TSBF,EE(PROP),PF,ST,BOSS,WEASEL,Flat-COTE,HIVE-COTE,Inception,InceptionTime,OS-CNN-ENS(2),OS-CNN-ENS(3),OS-CNN-ENS(4),OS-CNN-ENS(5),OS-CNN-ENS(6),OS-CNN-ENS(7),OS-CNN-ENS(8),OS-CNN-RES(2),OS-CNN-RES(3),UOS-CNN
Adiac,83.4526854219949(1.1033071411827606),79.31798806,78.337596,79.8,31.9693094629156(0.6520485311499733),83.88746803069054(0.808766665004697),83.88746803069054(0.808766665004697),82.86445013,82.60869565,80.0511509,79.79539642,82.86445012787725(1.006906377750872),39.83375959079284(1.6112024511961829),2.2(0.6),2.3017902813299225(0.4429797461812985),61.06138107416881(4.341710005464182),38.29923273657289(1.1347979123592618),42.710997442455245(1.8084572408863093),61.1,60.4,56.32,76.98209719,66.49616368,71.8414322,78.26086957,76.4705882,83.12,79.028133,81.0741688,82.96675191815858(2.1373485847341356),84.14322250000001(0.0),83.58056266,83.55498721,83.63171355,83.1202046,83.50383632,83.29923274,83.32480818,82.097,80.307,83.63171355
ArrowHead,83.77142857142857(1.3570676670900468),80.66666667,81.428571,83.27,63.42857142857143(0.5714285714285727),84.14285714285714(1.1693361102674933),84.14285714285714(1.1693361102674933),86.28571429,78.85714286,78.28571429,69.71428571,83.14285714285714(1.9166296949998218),78.57142857142857(1.538618516324145),33.9(4.7),30.28571428571429(0.0),64.85714285714286(10.016313224547488),71.0(1.7785570854269603),67.14285714285715(7.466933911641134),80,66.3,84.57142857,75.42857143,81.14285714,84.4571429,73.71428571,83.4285714,85.714,81.1428571,86.2857143,84.68571428571427(2.5401269452448965),84.5714286(0.0),84.68571429,85.42857143,84.85714286,84.85714286,84.97142857,84.57142857,84.85714286,86.286,83.429,85.14285714
Beef,80.66666666666666(2.4944382578492936),73.55555556,83.333333,70.61,70.0(4.082482904638634),68.33333333333333(1.6666666666666663),68.33333333333333(1.6666666666666663),73.33333333,83.33333333,86.66666667,66.66666667,75.83333333333333(3.6324157862838984),72.49999999999999(2.763853991962837),20.0(0.0),20.0(0.0),44.99999999999999(15.723301886761003),77.50000000000001(1.443375672974064),47.5(17.853571071357123),66.7,63.3,76,56.66666667,63.33333333,71,90,80,76.667,86.6666667,93.3333333,68.66666666666667(3.9999999999999996),70.0(0.0),80.33333333,80.33333333,80,80,80,80,80,83.333,76.667,90
BeetleFly,81.5(5.5),93.33333333,90,91.36,62.5(2.500000000000002),88.75(4.145780987944249),88.75(4.145780987944249),85,95,95,75,85.0(0.0),87.5(2.500000000000002),50.0(0.0),50.0(0.0),66.25000000000001(14.306903927824493),90.0(0.0),77.49999999999999(2.500000000000002),70,70,80,80,75,74.5,90,90,95,80,95,80.0(3.1622776601683786),80.0(0.0),84.5,83.5,84,85,85,85,85,85,75,85
BirdChicken,88.5(3.201562118716425),87,90,90.91,50.0(3.535533905932738),92.5(4.330127018922193),92.5(4.330127018922193),100,90,80,80,86.25(2.1650635094610986),72.50000000000001(4.330127018922197),50.0(0.0),50.0(0.0),52.5(9.013878188659973),73.75(4.145780987944254),68.75(5.448623679425842),70,75,80,90,80,85.5,80,95,80,90,85,95.0(3.1622776601683786),95.0(0.0),89.5,90,90,90,90,90,90,95,100,90
Car,93.33333333333333(0.0),85.83333333,84.666667,99.79,59.166666666666664(0.8333333333333304),91.25(1.3819269959814116),91.25(1.3819269959814116),91.66666667,91.66666667,91.66666667,90,92.08333333333333(1.3819269959814116),78.75(1.3819269959814169),24.0(2.7),31.666666666666664(0.0),71.66666666666669(8.249579113843055),77.5(1.8633899812498256),78.33333333333333(7.168604389202191),76.7,73.3,76.66666667,78.33333333,83.33333333,82.1666667,91.66666667,83.3333333,86.667,90,86.6666667,89.0(1.6996731711975936),88.33333329999999(0.0),93.33333333,93.33333333,93.33333333,93.33333333,93.33333333,93.33333333,93.33333333,90,91.667,93.33333333
CBF,99.98888888888888(0.03333333333333188),98.52962963,100,85.45,97.6388888888889(0.817912881351961),99.36111111111111(0.09212846639875794),99.36111111111111(0.09212846639875794),100,99.55555556,99.66666667,99.66666667,99.66666666666669(0.0),86.91666666666666(0.480322679605297),33.2(0.1),33.22222222222222(0.11111111111110905),90.72222222222221(5.915818927270077),95.58333333333334(1.624228211782637),90.02777777777777(1.5543149815041968),99.4,99.7,99.44,98.77777778,99.77777778,99.0555556,97.44444444,99.7777778,98.333,99.5555556,99.8888889,99.77777777777777(0.1721325931647752),99.88888890000001(0.0),100,100,100,100,100,100,100,100,100,100
ChlorineConcentration,83.86979166666666(2.7153654699536616),73.52256944,81.453125,71.67,58.203124999999986(0.37648000767711093),81.69270833333333(0.9999796547409502),81.69270833333333(0.9999796547409502),85.02604167,83.59375,67.1875,78.54166667,85.44921875(0.513745720426048),79.83723958333333(0.4459041360981188),53.3(0.0),53.255208333333336(0.0),65.49479166666667(1.549862085038181),60.66406250000001(1.5913674491056158),55.47526041666666(0.16611133883038),65,64.8,65.14,69.24479167,65.625,63.0625,69.97395833,66.09375,75.26,72.7083333,71.1979167,87.27604166666667(0.8241025210966049),87.65625(0.0),85.15104167,85.3359375,85.34375,85.7421875,85.62760417,85.65885417,85.81770833,87.76,84.297,87.52604167
CinCECGTorso,82.7463768115942(1.3312247031399114),97.77777778,83.615942,98.32,74.98188405797102(0.5668292698247072),82.73550724637681(0.964578225505372),82.73550724637681(0.964578225505372),85.86956522,80,81.95652174,79.27536232,84.34782608695653(1.0362572207300822),83.64130434782608(1.2248038220206772),38.1(28.0),25.0(0.0),83.93115942028986(6.741151130743764),74.18478260869564(2.819285293335421),28.369565217391308(1.7228251344882242),93,65.1,83.3,71.23188406,94.20289855,90.2753623,95.43478261,88.6956522,99.348,99.4927536,99.6376812,84.21739130434783(2.17748498818385),85.3623188(0.0),83.76811594,83.51449275,83.51449275,83.34057971,83.63768116,83.37681159,83.47826087,82.319,71.232,81.23188406
Coffee,100.0(0.0),98.92857143,100,100,87.5(1.7857142857142905),100.0(0.0),100.0(0.0),100,100,100,100,100.0(0.0),100.0(0.0),51.4(3.5),51.78571428571428(3.092947870658708),97.32142857142858(1.5464739353293493),100.0(0.0),97.32142857142858(2.9612721342458905),100,100,100,100,100,100,96.42857143,100,100,100,100,100.0(0.0),100.0(0.0),100,100,100,100,100,100,100,100,100,100
Computers,70.67999999999999(2.6475649189396644),79.90666667,76.12,70.51,63.0(1.0770329614269016),81.89999999999999(0.7141428428542821),81.89999999999999(0.7141428428542821),76,67.2,54.4,58.8,80.90000000000002(0.5196152422706637),56.10000000000001(0.5916079783099574),52.2(4.8),50.0(0.0),59.0(1.536229149573723),53.800000000000004(1.8000000000000016),64.8(1.9390719429665304),62,70,58.4,75.6,70.8,61.68,73.6,75.6,65.6,74,76,78.56(1.6316862443496911),79.6(0.0),72.28,73.52,72.64,72.36,71.84,72.44,72.16,80,72.8,74.8
CricketX,85.51282051282051(1.1366236030411032),79.20512821,81.948718,81.38,64.42307692307692(0.8382497968347455),79.67948717948718(0.4203486233526955),79.67948717948718(0.4203486233526955),81.53846154,81.79487179,78.20512821,80.25641026,79.61538461538463(1.3137116366614876),59.23076923076923(0.9421114395319883),18.9(23.8),7.435897435897436(0.0),54.487179487179496(4.829438000471115),53.14102564102564(0.8951435925492879),62.628205128205124(2.6172379054607164),77.2,75.4,79.08,70.51282051,81.28205128,77.974359,77.17948718,73.5897436,76.41,80.7692308,82.3076923,84.05128205128204(1.3702963298346051),85.3846154(0.0),85.92307692,86.61538462,86.58974359,86.71794872,86.71794872,86.61538462,86.71794872,85.897,84.872,86.41025641
CricketY,86.71794871794873(1.0307564739611177),77.79487179,85.230769,80.19,63.46153846153846(0.8209133637734431),79.61538461538463(1.2094847605200785),79.61538461538463(1.2094847605200785),82.30769231,85.12820513,84.87179487,81.02564103,80.7051282051282(1.2077848513728693),59.93589743589743(0.9658025111102168),18.4(22.0),8.461538461538462(0.0),51.98717948717949(3.019632234183047),58.269230769230774(0.8184067522310076),65.0(2.1794871794871806),76.2,74.4,75.13,73.58974359,80.51282051,78.4615385,77.94871795,75.3846154,78.974,82.5641026,84.8717949,83.89743589743588(0.8173014077184222),85.1282051(0.0),87.33333333,87.02564103,87.41025641,86.79487179,87.17948718,86.8974359,87.28205128,87.692,84.359,87.94871795
CricketZ,86.30769230769232(0.7087320492864253),80.71794872,85.589744,83.4,65.44871794871794(2.4950641610293034),81.02564102564102(0.7903094875601223),81.02564102564102(0.7903094875601223),80.25641026,78.20512821,81.28205128,84.35897436,81.08974358974359(0.7336873809140743),62.88461538461539(0.8576338564268978),18.3(24.4),6.153846153846153(0.0),48.33333333333333(2.926336464234183),49.679487179487175(2.540759125975182),64.03846153846155(1.5948532441826566),74.6,75.4,79.95,71.53846154,78.20512821,79.5128205,78.71794872,74.6153846,78.718,81.5384615,83.0769231,84.92307692307692(0.8941331166237246),86.1538462(0.0),87.05128205,87.66666667,87.92307692,87.76923077,87.71794872,87.94871795,87.94871795,85.897,85.385,87.94871795
DiatomSizeReduction,97.71241830065358(0.7452126961432268),85.92592593,96.993464,97.3,87.90849673202614(0.5167120359752235),35.78431372549019(9.905519324331816),35.78431372549019(9.905519324331816),30.06535948,67.97385621,35.94771242,73.20261438,30.065359477124183(0.0),90.19607843137256(2.2758804374483765),30.1(0.7),30.065359477124183(0.0),56.69934640522876(26.654028307160853),95.34313725490196(0.744316468884341),91.01307189542484(2.787372893665356),93.5,96.7,96.67,89.86928105,94.44444444,96.4379085,92.48366013,93.1372549,88.562,92.8104575,94.1176471,93.4640522875817(0.969437710731458),93.4640523(0.0),97.81045752,97.97385621,97.87581699,97.81045752,97.90849673,98.00653595,98.03921569,99.673,97.712,99.34640523
DistalPhalanxOutlineAgeGroup,73.81294964028777(2.9697507108705454),79.61630695,75.899281,74.62,76.79856115107914(1.6385671904935821),71.58273381294964(0.8043409991006463),71.58273381294964(0.8043409991006463),69.0647482,71.22302158,71.22302158,71.22302158,70.68345323741008(1.6385671904935777),64.92805755395683(0.9345597882565924),46.8(0.0),42.44604316546763(0.0),73.92086330935253(1.8604461210051482),76.07913669064749(0.7839746301332156),70.14388489208633(2.3032820997959886),62.6,77,77.89855072,78.26086957,72.82608696,73.2374101,77.53623188,74.8201439,76.978,76.0869565,76.2589928,73.38129496402877(2.0348396580907875),73.38129500000001(0.0),74.02877698,75.53956835,75.32374101,74.5323741,74.67625899,75.03597122,74.82014388,74.101,76.259,76.97841727
DistalPhalanxOutlineCorrect,76.5942028985507(0.7282518566029615),82.7294686,76.956522,78.23,72.73550724637681(1.2648768155587793),76.44927536231884(0.9237354191291264),76.44927536231884(0.9237354191291264),78.26086957,72.46376812,76.44927536,74.63768116,76.9927536231884(0.9755733346258203),72.55434782608695(0.5358767919474356),58.3(0.0),58.333333333333336(0.0),76.44927536231884(0.9237354191291274),77.53623188405797(1.934253306527411),70.47101449275362(2.5426936318148914),72.5,71.7,71.94244604,71.22302158,69.0647482,76.2318841,76.97841727,72.826087,77.899,74.8201439,77.173913,76.81159420289855(0.8262140761587945),78.26086959999999(0.0),76.88405797,77.17391304,76.44927536,76.92028986,76.92028986,77.17391304,77.06521739,73.913,80.435,77.89855072
DistalPhalanxTW,66.40287769784173(1.6733386114551094),68.99280576,71.870504,67.04,69.96402877697841(0.7839746301332156),69.06474820143885(1.1375099497008523),69.06474820143885(1.1375099497008523),61.8705036,66.90647482,66.90647482,61.8705036,66.54676258992805(1.8691195765131798),60.97122302158273(2.3519238903996404),30.2(0.0),28.597122302158272(0.9345597882565899),68.5251798561151(0.9345597882565924),67.44604316546763(0.934559788256588),60.431654676258994(2.691839846599959),63.3,59,62.58992806,67.62589928,64.74820144,66.1870504,66.18705036,67.6258993,67.626,69.7841727,68.3453237,66.47482014388488(2.11466740384159),68.34532370000001(0.0),66.18705036,66.11510791,66.33093525,66.04316547,65.97122302,65.32374101,65.97122302,63.309,66.906,64.02877698
Earthquakes,66.97841726618705(4.978604396200273),74.19664269,74.820144,86.18,74.10071942446042(0.7194244604316558),72.66187050359711(0.8811114182673293),72.66187050359711(0.8811114182673293),73.38129496,74.82014388,74.10071942,74.10071942,71.76258992805755(1.6385671904935777),72.4820143884892(1.1793954180399302),74.8(0.0),74.82014388489209(0.0),74.82014388489209(0.0),70.68345323741008(0.7839746301332174),74.82014388489209(0.0),72.7,71.9,74.10071942,74.82014388,74.10071942,75.323741,74.10071942,74.8201439,74.82,74.8201439,74.8201439,74.24460431654676(0.9544244001022717),74.1007194(0.0),68.56115108,68.63309353,69.0647482,68.41726619,68.84892086,68.63309353,69.20863309,71.223,69.784,74.10071942
ECG200,90.8(1.2489995996796808),83.9,90.6,94.54,88.0(0.7071067811865481),88.5(0.5000000000000004),88.5(0.5000000000000004),92,88,91,88,87.0(1.5811388300841909),91.5(0.8660254037844395),64.0(0.0),64.0(0.0),84.25(3.5619517121937507),81.25(1.089724735885165),87.0(1.5811388300841909),88,77,87.4,84,88,89.7,83,87,85,88,85,91.8(1.3266499161421574),93.0(0.0),90.7,91.4,91.2,91,91.7,91.4,91.2,90,90,90
ECG5000,94.00888888888889(0.13524554715291578),94.17777778,94.715556,100,94.1111111111111(0.0647883543871708),94.01666666666667(0.08069910581297418),94.01666666666667(0.08069910581297418),93.86666667,94,94.08888889,94.08888889,93.54444444444445(0.3863408589047528),92.93333333333334(0.1547598697464846),61.8(10.9),58.37777777777777(0.0),93.23888888888888(0.3356861408893555),92.79444444444445(0.12993350626139877),92.17777777777778(0.12272623352430631),92.5,75,93.22222222,93.95555556,93.86666667,93.7555556,94.37777778,94.1333333,94.822,94.6,94.6222222,93.92888888888888(0.17688665548562912),94.0888889(0.0),94.06222222,94.08222222,94.08222222,94.08444444,94.04888889,94.09555556,94.07555556,93.333,93.556,93.84444444
ECGFiveDays,99.95354239256677(0.13937282229965042),97.78939218,100,74.82,83.10104529616726(1.7099224000389657),98.49012775842043(0.24637866940297226),98.49012775842043(0.24637866940297226),100,100,100,100,95.96399535423924(4.06452211725172),97.12543554006969(0.2889045984630107),49.9(0.3),49.70963995354241(0.0),75.72590011614402(10.777013435226062),87.07897793263646(1.8186369529372333),68.46689895470382(11.133026688449078),79.7,76.8,100,87.68873403,81.99767712,80.5110337,98.37398374,100,100,99.883856,100,100.0(0.0),100.0(0.0),100,100,100,100,100,100,100,100,100,100
ElectricDevices,72.35896770846843(0.8338484756603608),88.17749535,72.941253,75.53,70.0946699520166(0.6495257148562388),70.84035793022954(0.4616580861451823),70.84035793022954(0.4616580861451823),69.2776553,67.26753988,62.24873557,62.13201919,72.69809363247309(0.5272112488901877),59.518869147970435(0.5704291682139033),33.6(19.8),24.23810141356504(0.0),65.41304629749709(1.054083503256705),68.72001037478927(0.7938896090241571),60.39424199195953(0.8539036936654216),62.5,60.1,58.7472442,70.25029179,66.29490338,68.8509921,74.69848269,79.9247828,73.285,71.3266762,77.0328103,70.86240435741149(0.4170452362475148),72.39009209999999(0.0),73.26287122,73.7154714,73.55466217,73.68694073,73.864609,73.89313967,73.86849955,73.116,73.635,74.03708987
FaceAll,84.4733727810651(2.9369862868736707),95.36883629,94.650888,84.14,79.31952662721893(0.5463368435686271),93.41715976331362(1.230836792638108),93.41715976331362(1.230836792638108),86.09467456,79.46745562,80.23668639,81.06508876,87.63313609467455(1.3184781038554516),79.27514792899409(0.6993459558327122),17.0(19.5),8.04733727810651(0.0),72.13017751479289(0.8885596105136796),77.67751479289942(0.6777343898790138),67.32248520710058(2.9274620941224945),80.8,80.8,78.25,74.43786982,84.85207101,92.7278107,77.86982249,78.1656805,78.698,91.7751479,80.295858,80.08284023668638(1.4859495068026105),80.7100592(0.0),83.92307692,84.32544379,84.39053254,84.46745562,83.66272189,84.53846154,84.24852071,81.953,83.728,81.65680473
FaceFour,95.11363636363637(0.887528372262119),65.64393939,97.727273,100,85.22727272727273(4.175266607016781),93.18181818181817(0.0),93.18181818181817(0.0),92.04545455,95.45454545,95.45454545,96.59090909,95.45454545454545(0.0),83.52272727272728(1.2704931690339702),26.8(5.7),29.545454545454554(0.0),69.60227272727273(16.766178045090342),90.90909090909092(0.0),86.64772727272728(6.692738062153265),88.6,83,95.22,100,90.90909091,92.6136364,85.22727273,100,100,89.7727273,95.4545455,95.68181818181817(0.45454545454544976),95.4545455(0.0),95.34090909,95.56818182,95.68181818,95.34090909,95.34090909,95.45454545,95.45454545,94.318,96.591,96.59090909
FacesUCR,96.74146341463414(0.14763654585777142),91.0097561,96.141463,96.63,86.86585365853658(0.1395795505153608),94.29268292682926(0.22618581696330647),94.29268292682926(0.22618581696330647),95.36585366,94.63414634,94.09756098,94.58536585,95.39024390243902(0.2896180996838467),83.01219512195121(0.398353243196612),15.3(2.7),14.341463414634145(0.0),76.52439024390245(3.1508523156899164),87.40243902439025(0.3968570754944633),64.17073170731706(2.0007434668113064),91.2,90.5,94.13,86.68292683,94.48780488,92.8292683,90.58536585,95.7073171,95.22,94.2439024,96.2926829,96.39999999999999(0.32416093123582307),97.1219512(0.0),96.96585366,97.11219512,97.04878049,97.09268293,97.12195122,97.14634146,97.1804878,96.829,96,97.12195122
FiftyWords,81.60439560439559(0.8571428571428558),73.65567766,83.032967,84.5,65.65934065934066(1.6620311496982627),64.72527472527472(1.1367121354712744),64.72527472527472(1.1367121354712744),75.38461538,80.21978022,79.12087912,81.97802198,73.62637362637363(0.945310468905785),70.76923076923077(0.3475030395789416),22.0(24.3),12.527472527472527(0.0),62.91208791208791(3.1901271136252283),62.30769230769231(1.1367121354712746),52.032967032967036(1.3402539469945558),76.5,69,76.81,75.82417582,81.97802198,80,70.54945055,70.5494505,81.099,79.7802198,80.8791209,80.65934065934066(1.1206636293610521),83.07692309999999(0.0),83.0989011,83.25274725,83.25274725,83.95604396,84.06593407,83.78021978,84.06593407,82.637,79.78,85.27472527
Fish,98.74285714285713(0.8000000000000029),94.99047619,97.942857,99.43,72.14285714285714(3.6894775914699856),96.28571428571429(0.2857142857142836),96.28571428571429(0.2857142857142836),99.42857143,100,100,97.71428571,98.14285714285714(0.24743582965269015),85.0(0.7423074889580885),13.4(1.3),12.571428571428573(0.0),71.42857142857142(4.060762972443397),85.85714285714286(0.47380354147934434),88.0(6.2986879100138875),84.6,82.3,93.37,83.42857143,96.57142857,90.9142857,98.85714286,98.8571429,96.571,98.2857143,98.8571429,97.6(0.6663945022680332),98.2857143(0.0),98.74285714,98.85714286,98.85714286,99.02857143,98.91428571,98.91428571,99.2,98.286,97.714,98.85714286
FordA,95.47727272727272(0.269019407644921),93.42424242,94.439394,94.1,92.91666666666667(0.2039835154217641),91.32575757575758(0.49532942540234304),91.32575757575758(0.49532942540234304),92.72727273,93.56060606,95,94.77272727,93.84469696969697(0.43312866007686684),81.36363636363636(0.6338333534349044),51.3(0.0),50.79545454545453(1.3777676878388814),86.30681818181819(1.6789962333783826),89.35606060606061(0.26515151515151825),55.321969696969695(0.6525164082178826),69.1,55.5,95.6818182,85,73.78787879,84.6969697,97.12121212,92.9545455,97.273,95.6818182,96.4393939,95.72727272727273(0.16318681233740653),96.1363636(0.0),95.82575758,95.88636364,95.90151515,95.9469697,95.90909091,95.95454545,95.91666667,95.227,95.909,96.21212121
FordB,83.79012345679013(0.9206433672840582),91.98353909,80.506173,82.96,77.43827160493827(0.7826371810559223),77.19135802469135(0.43099506307928626),77.19135802469135(0.43099506307928626),82.22222222,84.69135802,83.7037037,81.60493827,81.20370370370371(0.5749362966110233),70.37037037037037(0.7092052650046974),49.8(1.2),50.24691358024691(0.4276668660663885),69.38271604938272(2.3473028817076),75.03086419753086(1.4926916406597222),51.2962962962963(1.4143752144925403),60.7,62,91.7283951,59.87654321,66.17283951,69.6790123,80.74074074,71.1111111,83.21,80.3703704,82.345679,84.88888888888889(1.1384831489776301),86.1728395(0.0),84.09876543,84.50617284,84.08641975,84.17283951,84.09876543,84.12345679,84.22222222,84.198,84.938,86.66666667
GunPoint,99.93333333333332(0.20000000000000132),98.64444444,100,100,78.5(2.1794494717703388),100.0(0.0),100.0(0.0),99.33333333,99.33333333,98,98.66666667,99.0(0.7453559924999272),92.5(0.7264831572567804),51.3(3.9),49.33333333333334(0.0),90.16666666666667(4.5795438880113615),94.83333333333334(1.4433756729740692),99.0(0.3333333333333188),91.3,90.7,100,98.66666667,99.33333333,99.3333333,100,100,100,100,100,100.0(0.0),100.0(0.0),99.86666667,100,99.93333333,100,100,100,100,100,100,99.33333333
Ham,70.38095238095238(1.1625291062603536),81.07936508,72.571429,71.52,67.6190476190476(1.7817416127494983),70.95238095238095(1.7169291787923737),70.95238095238095(1.7169291787923737),72.38095238,74.28571429,61.9047619,66.66666667,75.95238095238095(1.4085904245475311),69.52380952380952(1.3468700594029468),50.6(1.4),51.42857142857142(0.0),72.85714285714286(2.3809523809523805),72.38095238095238(2.4281045302822775),78.33333333333331(3.1134992453861976),60,46.7,66.66666667,76.19047619,57.14285714,63.9047619,68.57142857,66.6666667,65.714,64.7619048,66.6666667,70.47619047619047(1.2046772038736693),71.42857140000001(0.0),70,69.80952381,69.61904762,70.57142857,69.33333333,69.80952381,70.47619048,71.429,75.238,68.57142857
HandOutlines,92.94594594594594(2.522216841195506),92.14414414,94.243243,93.22,85.67567567567566(0.875775770055115),82.29729729729729(10.85211703400749),82.29729729729729(10.85211703400749),75.67567568,71.35135135,81.62162162,94.32432432,90.60810810810813(2.070480195411436),91.55405405405406(0.2945201988878899),64.1(0.0),57.027027027027025(12.17116783697049),90.60810810810811(0.7245814388353835),88.3108108108108(0.5851522998543486),66.35135135135135(0.7994702409594103),86.2,88.1,48.1081081,85.40540541,88.91891892,90.6756757,93.24324324,90.2702703,94.865,91.8918919,93.2432432,94.64864864864865(1.4136969546618365),95.4054054(0.0),94.13513514,95.13513514,95.2972973,95.51351351,95.59459459,95.32432432,95.40540541,95.676,95.946,96.21621622
Haptics,51.0064935064935(1.357826212099122),54.16666667,52.402597,51.68,39.20454545454545(1.285956129687896),49.02597402597403(0.607411913437329),49.02597402597403(0.607411913437329),52.27272727,52.92207792,50.32467532,49.02597403,50.48701298701299(1.064519240958115),42.37012987012987(0.8435312374523728),20.9(3.5),20.77922077922078(0.0),40.01623376623377(1.4406038432872446),37.58116883116883(1.3062887126161593),40.17857142857143(0.7394832450604133),41.2,37.7,46.82,49.02597403,39.28571429,45.1298701,52.27272727,46.1038961,38.636,52.2727273,51.9480519,54.87012987012987(1.4226559935199103),54.870129899999995(0.0),51.94805195,52.14285714,51.91558442,52.04545455,52.20779221,52.24025974,52.17532468,53.571,53.896,55.51948052
Herring,60.78125(4.041411611367988),63.28125,69.21875,58.81,51.953125(2.3109686652732875),64.0625(3.125),64.0625(3.125),64.0625,57.8125,59.375,56.25,58.984375(1.7026948998205758),48.828125(2.3109686652732875),59.4(0.0),59.375(0.0),59.765625(0.6765823467065927),53.515625(2.561499423555469),59.765625(2.029747040119778),53.1,53.1,62.5,64.0625,57.8125,60,67.1875,54.6875,65.625,62.5,68.75,66.5625(3.2173844190584373),67.1875(0.0),62.5,62.5,61.40625,61.5625,61.71875,62.65625,62.5,65.625,64.062,64.0625
InlineSkate,42.92727272727273(2.522559371972039),43.92727273,45.690909,52.69,24.181818181818183(0.8624393618641039),32.99999999999999(0.3748277841470601),32.99999999999999(0.3748277841470601),38.36363636,34,40,39.63636364,37.81818181818182(0.5604012729971779),33.45454545454546(1.1712817024295556),16.7(1.6),15.454545454545453(0.12856486930664388),19.86363636363636(1.5340488209714755),28.772727272727273(1.2154310870109954),32.95454545454546(3.2610270653064433),38.7,38.4,42.73,38.54545455,46,42.2727273,37.27272727,51.6363636,61.273,49.4545455,50,48.509090909090915(1.1172575633263437),49.090909100000005(0.0),45.78181818,45.56363636,46.12727273,44.27272727,46.47272727,46.69090909,46.87272727,41.455,46.727,47.81818182
InsectWingbeatSound,63.52020202020202(0.4443583479509922),62.85521886,65.681818,64.29,62.62626262626263(0.4417387799125228),38.82575757575757(0.6751214336007517),38.82575757575757(0.6751214336007517),48.93939394,60.95959596,62.72727273,62.97979798,49.734848484848484(0.46064233199380666),60.23989898989899(0.45925589594629473),15.8(14.2),9.090909090909092(0.0),57.752525252525245(0.43225360526827533),58.39646464646464(0.6588683396792792),43.737373737373744(3.8056820674312113),57.8,35.5,60.60606061,62.47474747,59.49494949,61.4141414,62.67676768,52.3232323,64.04,65.2525253,65.5050505,63.040404040404056(0.3037029571388486),63.8888889(0.0),63.6969697,64.02525253,63.87373737,64.06565657,64.14646465,64.01010101,64.04040404,62.475,63.586,63.58585859
ItalyPowerDemand,94.72303206997084(0.28182701652089287),95.38062844,96.958212,97.06,96.33138969873664(0.21040461705161487),96.33138969873663(0.08057883358491158),96.33138969873663(0.08057883358491158),96.11273081,95.33527697,96.79300292,96.89018465,96.03984450923227(0.10590133487709268),95.40816326530613(0.126242770230972),50.0(0.2),49.85422740524781(0.0),96.5986394557823(0.3947540527034046),95.45675413022352(0.10590133487708632),87.0505344995141(3.7001712324766225),95.5,95,96.95,88.33819242,96.20991254,96.3848397,94.75218659,90.8649174,95.141,96.1127308,96.3070943,96.4237123420797(0.5265779274691528),96.5014577(0.0),94.83965015,94.96598639,94.99514091,94.99514091,95.00485909,95.05344995,95.00485909,96.016,95.918,96.20991254
LargeKitchenAppliances,89.57333333333335(0.9794329425177045),92.98666667,90.053333,80.68,72.93333333333334(2.137495938917518),90.26666666666667(0.2981423969999739),90.26666666666667(0.2981423969999739),88.26666667,88.8,87.2,85.33333333,90.33333333333333(0.47609522856952335),47.199999999999996(0.7302967433402207),41.0(16.5),33.33333333333333(0.0),43.133333333333326(1.183215956619925),64.86666666666667(2.8682166352398575),78.60000000000001(0.8299933065325851),79.5,79.5,70.13333333,52.8,81.06666667,75.3866667,85.86666667,76.5333333,68.267,84.5333333,86.4,90.02666666666667(0.464949220644342),90.4(0.0),89.73333333,90.02666667,90.16,90.02666667,90.24,89.97333333,90.26666667,89.867,89.067,90.13333333
Lightning2,80.65573770491804(1.6062227821529056),65.84699454,75.901639,74.81,71.31147540983606(1.8328426045080264),73.77049180327869(1.159191444568108),73.77049180327869(1.159191444568108),83.60655738,80.32786885,80.32786885,77.04918033,79.50819672131146(0.8196721311475419),68.0327868852459(1.8328426045080264),55.7(5.2),54.09836065573771(0.0),63.11475409836065(4.414069514044675),63.934426229508205(1.159191444568108),69.67213114754098(2.7185449101273798),86.9,86.9,82.3,73.7704918,88.52459016,85.2459016,73.7704918,83.6065574,55.738,86.8852459,81.9672131,78.68852459016394(2.073624695192382),77.0491803(0.0),80.49180328,80.6557377,80.6557377,80.98360656,80.6557377,80.81967213,80.81967213,85.246,85.246,83.60655738
Lightning7,79.31506849315068(2.0729788973180203),74.33789954,82.328767,76.34,69.52054794520548(1.7795042543515933),81.84931506849314(1.492773610801602),81.84931506849314(1.492773610801602),82.19178082,82.19178082,80.82191781,72.60273973,82.1917808219178(1.677732700536421),60.95890410958904(2.4695556681260222),31.0(11.3),26.027397260273972(0.0),55.47945205479452(5.34948607938812),65.06849315068493(0.6849315068493123),60.273972602739725(10.477437356697502),71.2,72.6,80.27,72.60273973,76.71232877,80.4109589,72.60273973,68.4931507,71.233,80.8219178,73.9726027,80.27397260273972(2.225763946475608),83.5616438(0.0),80.54794521,79.7260274,79.7260274,80.2739726,79.8630137,79.17808219,80.54794521,80.822,73.973,76.71232877
Mallat,96.38379530916843(1.0223519295660812),90.80312722,95.594883,97.5,81.75906183368869(2.3342192529655565),96.71641791044776(0.41999393611071284),96.71641791044776(0.41999393611071284),95.01066098,96.63113006,94.88272921,95.52238806,97.38805970149255(0.32389035247255815),92.43070362473348(0.8342856096594431),13.5(3.7),12.32409381663113(0.0),84.48827292110875(6.495495105634236),92.21748400852879(1.7199568861085854),67.3454157782516(5.126003121523929),91.4,93.4,95.43,96.03411514,93.98720682,95.6972281,96.41791045,93.8166311,96.546,95.3944563,96.2046908,94.05543710021321(1.4219302718203717),95.52238809999999(0.0),96.91684435,96.95948827,96.95095949,97.00639659,97.23667377,97.13859275,97.23667377,96.716,97.399,96.80170576
Meat,94.66666666666667(2.4494897427831788),96.77777778,94.833333,88.79,78.33333333333334(2.635231383473649),77.5(23.52599035582184),77.5(23.52599035582184),95,93.33333333,90,100,98.75(1.3819269959814136),89.16666666666666(1.443375672974064),33.3(0.0),33.33333333333333(0.0),77.91666666666666(5.936586186989588),91.66666666666666(1.178511301977575),97.49999999999999(1.4433756729740592),93.3,93.3,73.33333333,93.33333333,93.33333333,93.3333333,85,90,91.667,91.6666667,93.3333333,93.33333333333333(1.0540925533894594),93.33333329999999(0.0),95.83333333,96.16666667,95.66666667,96.16666667,96.16666667,96.5,96.5,93.333,100,93.33333333
MedicalImages,76.94736842105263(0.5223535063494519),70.98245614,79.947368,79.58,66.38157894736842(0.49669963389939115),77.92763157894737(0.9818954971446879),77.92763157894737(0.9818954971446879),73.02631579,73.68421053,70.65789474,71.84210526,76.61184210526316(0.34026580371015036),71.64473684210526(0.599370630206859),51.4(0.0),51.44736842105263(0.0),62.26973684210526(2.2024739772579855),66.875(0.9274915907810303),64.40789473684211(2.922267409804318),74.7,73.7,72.95,70.52631579,74.21052632,75.6973684,66.97368421,71.8421053,74.079,75.7894737,77.7631579,78.65789473684211(1.1602846150025568),79.47368420000001(0.0),77.48684211,77.43421053,77.55263158,77.72368421,77.55263158,77.67105263,77.5,78.421,77.368,79.34210526
MiddlePhalanxOutlineAgeGroup,53.63636363636364(2.1963031851023067),66.75324675,59.025974,58.32,57.14285714285714(2.6376748066999864),53.24675324675325(1.6555258161015576),53.24675324675325(1.6555258161015576),53.8961039,44.15584416,47.4025974,45.45454545,54.05844155844155(0.538413115317434),51.94805194805194(1.2148238268746625),18.8(0.0),57.14285714285714(0.0),55.68181818181818(3.1268442019899734),52.922077922077925(2.7740271900381597),57.7922077922078(0.45916024752373236),51.9,50,78.00687285,81.44329897,78.35051546,57.5324675,79.3814433,54.5454545,60.39,80.4123711,59.7402597,52.33766233766233(1.722921969015791),55.194805200000005(0.0),53.76623377,54.74025974,54.15584416,55.32467532,55.06493506,55.19480519,54.80519481,57.792,51.299,54.54545455
MiddlePhalanxOutlineCorrect,81.40893470790378(1.4038967845921295),83.15005727,83.848797,85.35,75.25773195876289(1.001881768873764),79.63917525773196(1.3610807145837511),79.63917525773196(1.3610807145837511),80.41237113,76.97594502,80.41237113,79.3814433,82.38831615120276(1.149406199335022),75.17182130584192(1.1996769797052358),57.0(0.0),57.0446735395189(0.0),79.38144329896907(2.9958068340485746),74.3127147766323(2.4344720473032213),75.51546391752578(1.9190986171553823),76.6,69.8,57.14285714,57.79220779,55.84415584,82.1993127,64.28571429,78.0068729,80.756,63.6363636,83.161512,81.64948453608247(0.514317166566863),81.78694159999999(0.0),82.98969072,83.05841924,82.88659794,83.26460481,83.43642612,83.16151203,83.71134021,81.787,79.381,84.19243986
MiddlePhalanxTW,51.94805194805194(3.1141763138394287),57.85714286,56.038961,55.02,59.57792207792208(1.405885395753959),50.16233766233766(0.9604025621914916),50.16233766233766(0.9604025621914916),51.94805195,53.8961039,51.2987013,51.2987013,48.86363636363637(1.3287910343948783),53.57142857142857(1.4878492516090394),27.3(0.0),28.57142857142857(0.0),56.16883116883117(2.2727272727272694),55.35714285714286(0.9604025621914914),56.980519480519476(1.478966490120829),50.6,50.6,50.64935065,59.74025974,51.2987013,54.2207792,51.94805195,54.5454545,53.896,57.1428571,57.1428571,50.779220779220765(1.7131046699055745),51.29870129999999(0.0),52.5974026,52.07792208,52.85714286,52.79220779,52.85714286,52.33766234,52.92207792,51.299,47.403,48.7012987
MoteStrain,92.63578274760384(0.8405956624231862),90.88924388,91.461661,94.75,87.40015974440895(0.6595505017936778),93.51038338658148(0.3632868490147733),93.51038338658148(0.3632868490147733),89.77635783,88.01916933,85.22364217,85.30351438,92.35223642172524(0.6424004769227443),85.4632587859425(0.22591270964426338),50.8(4.0),53.91373801916933(0.0),65.23562300319489(18.901413766963028),88.33865814696486(0.8546699105045028),80.85063897763578(3.9544304146432325),86.6,83.5,91.29,90.33546326,88.25878594,88.8578275,89.69648562,87.8594249,93.53,93.6900958,93.2907348,88.61022364217253(0.3932438857856595),88.658147(0.0),92.67571885,93.01916933,93.14696486,93.12300319,93.26677316,93.32268371,93.34664537,92.412,91.134,92.65175719
NonInvasiveFetalECGThorax1,96.26972010178119(0.3436904632041344),93.59457167,95.29771,91.13,87.40458015267177(0.33274037736952405),95.86513994910942(0.07526819062467749),95.86513994910942(0.07526819062467749),95.11450382,94.55470738,94.1475827,94.45292621,94.147582697201(0.16878497660841882),91.53944020356234(0.5817742170571873),16.1(29.3),2.9007633587786263(0.0),90.48346055979644(0.8814507926559177),86.10687022900764(0.3470275240963325),48.46055979643766(2.581756932840701),81.1,79,86.92,84.22391858,84.58015267,90.524173,94.96183206,83.8167939,92.875,93.129771,93.0279898,95.6234096692112(0.3496298022863724),96.0814249(0.0),96.5394402,96.58015267,96.61577608,96.64122137,96.64631043,96.66157761,96.65139949,96.234,94.148,96.28498728
NonInvasiveFetalECGThorax2,96.00508905852416(0.2898977174275038),95.014419,96.905852,94.5,89.87277353689568(0.25949208720573547),95.27989821882952(0.23424876131706876),95.27989821882952(0.23424876131706876),94.65648855,95.01272265,94.24936387,95.11450382,94.36386768447838(0.3458594712231052),91.80661577608143(0.23596993627214785),16.0(29.2),2.9007633587786263(0.0),91.13231552162851(1.109936964195403),89.63104325699746(0.554421337646331),51.93384223918576(0.8002129869473965),88,86.5,91.14,86.15776081,91.34860051,93.4147583,95.11450382,90.0763359,94.148,94.5547074,94.4529262,95.78625954198472(0.23075387376599618),96.38676840000001(0.0),96.46819338,96.60559796,96.65139949,96.72773537,96.85496183,96.84987277,96.90585242,95.42,95.013,96.13231552
OliveOil,78.66666666666667(5.811865258054234),87.88888889,91.666667,99.14,40.0(0.0),70.83333333333334(17.853571071357123),70.83333333333334(17.853571071357123),70,50,73.33333333,80,85.0(4.999999999999999),64.16666666666666(8.291561975888499),38.0(4.2),40.0(0.0),40.0(0.0),40.0(0.0),83.33333333333334(4.0824829046386295),86.7,83.3,44,83.33333333,86.66666667,86.6666667,90,86.6666667,93.333,90,90,82.0(1.6329931618554516),83.3333333(0.0),80.33333333,80,82,83,82.66666667,82.66666667,83.33333333,83.333,86.667,86.66666667
OSULeaf,94.00826446280993(0.9646791347048557),95.63360882,94.090909,88.79,55.16528925619835(0.46199751601235667),97.72727272727273(0.4619975160123517),97.72727272727273(0.4619975160123517),98.34710744,95.04132231,86.7768595,88.01652893,98.03719008264463(0.6111652668491351),56.09504132231405(0.34262652792927567),24.3(12.8),18.181818181818183(0.0),42.97520661157024(3.4200300324890187),48.03719008264463(1.2861466526847856),62.913223140495866(2.1938802253714167),61.2,59.1,81.82,76.03305785,80.5785124,72.7272727,96.69421488,95.4545455,89.669,96.6942149,97.9338843,92.4793388429752(0.7109359724828649),94.214876(0.0),94.66942149,94.75206612,94.62809917,94.91735537,94.7107438,94.87603306,95.04132231,93.802,93.388,93.38842975
PhalangesOutlinesCorrect,82.97202797202796(0.9532203604005758),83.36829837,83.426573,84.5,74.70862470862471(1.4650122482490124),81.55594405594407(0.6764677602706237),81.55594405594407(0.6764677602706237),80.18648019,75.52447552,79.13752914,79.25407925,84.52797202797203(0.6456445164965148),75.93240093240094(1.9248420238827186),61.3(0.0),61.3053613053613(0.0),79.42890442890442(2.1212441402332534),80.1864801864802(0.8837850167892229),65.53030303030303(0.5236655231821493),76.1,72.8,76.45687646,82.98368298,77.27272727,80.8857809,76.34032634,77.1561772,81.702,77.039627,80.6526807,83.75291375291376(0.9135626080310169),84.965035(0.0),83.41491841,84.25407925,84.25407925,84.27738928,84.26573427,84.54545455,84.53379953,83.45,83.916,85.31468531
Phoneme,30.453586497890296(0.6055991601015753),35.65225035,27.985232,36.91,17.470991561181435(0.6950978561760135),32.64767932489452(0.5154224758885033),32.64767932489452(0.5154224758885033),34.28270042,30.01054852,29.95780591,30.11603376,33.18829113924051(0.48249405230833387),9.282700421940929(0.29128061754185813),13.2(4.0),11.286919831223626(0.0),13.212025316455698(2.558560558169868),9.493670886075948(0.16256366041584858),12.473628691983123(1.896351939699029),22.7,22.8,21.835443,27.6371308,30.48523207,30.5485232,32.06751055,26.4767932,32.648,34.9156118,38.2383966,32.80590717299579(0.32853188823623275),34.1244726(0.0),31.27637131,31.61392405,32.00949367,31.93037975,32.17299578,32.26265823,32.32067511,30.169,29.167,31.80379747
Plane,100.0(0.0),99.9047619,100,100,96.42857142857143(1.2371791482634757),100.0(0.0),100.0(0.0),100,100,99.04761905,99.04761905,100.0(0.0),97.61904761904762(0.47619047619046895),13.0(4.5),14.285714285714285(0.0),95.4761904761905(2.061965247105792),96.42857142857144(0.7896725691322344),100.0(0.0),100,100,100,100,100,100,100,100,100,100,100,100.0(0.0),100.0(0.0),100,100,100,100,100,100,100,100,100,100
ProximalPhalanxOutlineAgeGroup,84.39024390243904(0.9756097560975618),84.55284553,85.560976,84.97,87.07317073170732(0.4224514164802144),82.68292682926828(0.24390243902439046),82.68292682926828(0.24390243902439046),82.43902439,82.92682927,85.85365854,78.53658537,84.6341463414634(1.7756365583611031),84.6341463414634(0.4224514164802095),48.8(0.0),48.78048780487805(0.0),84.14634146341463(1.0056355184433328),80.73170731707317(1.1177013890136165),83.65853658536585(0.4224514164802144),78.5,80.5,84.87972509,87.28522337,80.75601375,84.3902439,88.3161512,83.4146341,84.878,86.9415808,85.8536585,84.48780487804879(1.4923959551978896),84.87804879999999(0.0),84.53658537,84.87804878,84.29268293,84.48780488,84.48780488,84.53658537,84.73170732,85.366,86.829,86.34146341
ProximalPhalanxOutlineCorrect,90.79037800687286(0.6838401629598738),89.5303551,89.896907,88.82,76.89003436426117(2.067218112631607),90.89347079037799(0.29760323154103835),90.89347079037799(0.29760323154103835),88.3161512,86.94158076,85.91065292,86.59793814,91.83848797250857(0.6135247790844386),73.8831615120275(0.6428964582085817),68.4(0.0),68.38487972508591(0.0),86.76975945017182(2.207084635509476),81.18556701030928(1.4855340606349288),81.70103092783505(2.1648802694766593),79,78.4,83.41463415,84.87804878,80.48780488,85.3264605,84.3902439,84.8797251,89.691,85.3658537,87.9725086,91.75257731958763(1.1293248608353967),93.1271478(0.0),91.82130584,91.99312715,92.06185567,92.06185567,92.3024055,92.4742268,92.71477663,92.784,90.722,92.78350515
ProximalPhalanxTW,77.3170731707317(0.6634863662797783),80.76422764,81.658537,81.86,79.02439024390245(1.4221833889866597),76.70731707317073(1.1110284852615009),76.70731707317073(1.1110284852615009),79.51219512,71.2195122,80.48780488,78.04878049,77.4390243902439(0.7996876249148789),76.46341463414635(0.6336771247203216),35.1(0.0),34.512195121951216(1.056128541200536),78.17073170731707(0.7214731442804416),77.8048780487805(0.4224514164802144),78.41463414634147(1.3525044520011495),75.6,75.6,77.56097561,80.97560976,76.58536585,77.3170732,80.48780488,80,80.976,78.0487805,81.4634146,78.14634146341464(2.1902384703066957),77.56097559999999(0.0),77.46341463,77.85365854,77.75609756,77.70731707,77.75609756,77.80487805,77.90243902,77.561,77.561,77.56097561
RefrigerationDevices,50.29333333333334(1.2289833196589766),77.71555556,53.733333,55.83,46.86666666666667(1.4157840387730172),49.2(1.6706618781522224),49.2(1.6706618781522224),52.53333333,52.8,48.26666667,49.06666667,52.99999999999999(0.9309493362512642),37.39999999999999(0.8299933065325831),33.3(0.0),33.33333333333333(0.0),38.2(2.9836592000800293),43.599999999999994(1.4422205101855967),51.19999999999999(0.6531972647421814),44,46.4,51.46666667,47.2,43.73333333,53.1733333,58.13333333,49.8666667,53.867,54.6666667,55.7333333,52.26666666666666(1.3701581417242803),51.7333333(0.0),50,50.18666667,50.58666667,50.02666667,50.18666667,50.37333333,50.53333333,49.333,50.133,48.26666667
ScreenType,52.64(2.4241745445042144),71.78666667,48.533333,50.81,41.13333333333333(2.1281186266016485),62.66666666666667(1.2649110640673529),62.66666666666667(1.2649110640673529),58.66666667,50.4,44.53333333,41.6,61.73333333333333(2.8627880738111804),40.13333333333334(1.2719189352225946),34.1(2.4),33.33333333333333(0.0),40.46666666666667(1.8024674446127689),39.666666666666664(1.2840906856172154),42.86666666666667(1.2274635093014663),41.1,39.7,42.93333333,50.93333333,44.53333333,45.6266667,52,46.4,54.667,54.6666667,58.9333333,57.97333333333334(0.7466666666666669),58.9333333(0.0),53.25333333,51.70666667,52.64,53.49333333,53.2,52.77333333,52.96,50.667,50.667,53.06666667
ShapeletSim,79.94444444444444(4.475240527365851),99.96296296,100,100,50.416666666666664(1.066825798315086),69.86111111111111(3.9357298098068747),69.86111111111111(3.9357298098068747),67.77777778,66.11111111,87.77777778,89.44444444,73.75(14.263692793199292),50.83333333333333(1.9837301190396814),50.0(0.0),50.0(0.0),49.16666666666667(3.1793119839609965),49.44444444444444(0.8784104611578845),56.52777777777778(6.920793057389445),70,65,95,96.11111111,81.66666667,75.9444444,95.55555556,100,100,96.1111111,100,91.66666666666667(7.753931698830176),95.55555559999999(0.0),81.55555556,82.16666667,84.55555556,83.61111111,84.33333333,83.61111111,84.77777778,100,96.667,92.22222222
ShapesAll,92.03333333333333(0.784573486395989),86.53333333,90.683333,93,67.5(0.42491829279939664),89.33333333333333(0.3726779962499649),89.33333333333333(0.3726779962499649),90.66666667,92,92.5,91.33333333,92.54166666666667(0.720484019407942),77.54166666666666(0.8281086214313227),13.2(24.3),1.6666666666666667(0.0),59.20833333333333(2.62830479798503),61.45833333333333(0.6166103577895317),63.87499999999999(1.8796239281066602),80.2,76.8,76.8333333,18.5,86.66666667,85.3166667,84.16666667,90.8333333,91.833,89.1666667,90.5,91.83333333333333(0.7527726527090837),92.83333329999999(0.0),92.73333333,92.85,92.78333333,92.93333333,93,93.1,93.03333333,92.167,91.333,93.83333333
SmallKitchenAppliances,72.08(0.8092795149596534),81.28,81.84,82.21,77.4(0.6073622386096179),77.73333333333333(0.44221663871405487),77.73333333333333(0.44221663871405487),74.13333333,66.93333333,66.4,64.26666667,77.99999999999999(1.2858201014657256),37.93333333333333(1.4406788523316223),36.9(11.3),33.33333333333333(0.0),46.93333333333334(4.458200932613466),62.133333333333326(0.9797958971132691),67.73333333333333(3.069563848859021),67.2,64.3,66.4,67.2,69.6,73.3866667,79.2,72.5333333,78.933,77.6,85.3333333,75.57333333333334(0.9175813618178787),76.0(0.0),72.98666667,73.76,73.68,74.13333333,74.02666667,74.08,74.16,60,76,68.53333333
SonyAIBORobotSurface1,97.95341098169719(0.9472509369377883),80.0942873,92.246256,82.64,73.37770382695507(0.2881948099116266),96.1730449251248(1.1706528518694073),96.1730449251248(1.1706528518694073),98.83527454,94.34276206,93.51081531,90.51580699,96.21464226289518(0.6997755341622637),68.71880199667221(1.272633822028153),44.3(4.5),42.92845257903494(0.0),63.2279534109817(17.075795821188017),68.96838602329451(3.231767820225468),72.75374376039933(6.07534778822756),69.6,72.5,89.74,79.53410982,70.38269551,82.4625624,84.359401,63.2279534,82.363,84.5257903,76.5391015,86.38935108153078(1.3897246600879256),86.8552413(0.0),98.51913478,98.25291181,98.28618968,98.38602329,98.50249584,98.7687188,98.80199667,98.17,99.002,98.66888519
SonyAIBORobotSurface2,95.38300104931794(1.4570035641309358),93.69709689,91.259182,92.48,84.41762854144805(0.7657145603004442),98.16369359916055(0.2825375029976122),98.16369359916055(0.2825375029976122),96.01259182,92.44491081,91.39559286,90.34627492,97.77019937040923(0.35097293180114575),83.05351521511018(0.21632243576168472),59.4(7.4),61.69989506820567(0.0),80.74501573976914(3.4790072717944196),82.94858342077649(0.800857162774069),64.92654774396642(7.010580661314486),85.9,83.1,91.84,77.7544596,87.82791186,87.8908709,93.38929696,85.9391396,93.494,95.1731375,92.7597062,94.60650577124869(0.5415944554276547),94.6484785(0.0),95.5089192,96.00209864,95.76075551,95.71878279,96.03357817,95.93913956,95.81322141,98.531,97.482,97.27177335
StarLightCurves,97.50364254492473(0.24741911734318892),97.86061195,98.096163,98.24,90.37153958232152(1.4162532366285936),96.45762506070908(0.27545805237228765),96.45762506070908(0.27545805237228765),97.4137931,96.80670228,97.91160758,97.93589121,97.26809130645944(0.20189763414662354),94.85490529383198(0.2957192917748068),65.4(16.1),57.72219524040797(0.0),93.5435891209325(0.7431533113340196),92.54796017484217(0.35950593895360805),84.880403108305(0.10208336401651823),90.5,90.7,96.65,97.7051967,92.6056338,97.6857698,97.85089849,97.7780476,97.729,97.9601748,98.1544439,97.78290432248666(0.09941471340678737),97.9358912(0.0),97.65177271,97.77076251,97.79990287,97.82054395,97.83632831,97.8375425,97.83875668,97.608,97.669,97.98445847
Strawberry,98.1891891891892(0.4842289964099704),97.17117117,98.135135,96.63,96.08108108108108(0.4054054054054077),97.50000000000001(0.3510913799126104),97.50000000000001(0.3510913799126104),98.37837838,97.83783784,98.10810811,98.37837838,98.1081081081081(0.19110994086123104),95.87837837837837(0.22409626961861),64.3(0.0),64.32432432432432(0.0),95.54054054054055(0.7021827598252225),95.06756756756756(0.9039924432607818),90.60810810810811(1.7345267098639796),94.6,94.1,91.08108108,95.40540541,94.59459459,95.4864865,96.21621622,97.5675676,97.568,95.1351351,97.027027,98.27027027027026(0.36661243152028955),98.37837840000002(0.0),98.35135135,98.40540541,98.51351351,98.51351351,98.48648649,98.48648649,98.54054054,98.919,98.108,98.91891892
SwedishLeaf,97.11999999999999(0.5634181395730882),93.39733333,96.4,96.55,90.27999999999999(0.7188880302244586),96.8(0.25298221281346883),96.8(0.25298221281346883),96.48,94.72,93.76,92.96,96.44(0.1326649916142198),84.48(0.11313708498985084),11.8(13.2),6.4(0.0),83.24000000000001(1.4636939570825613),88.6(0.7704544113703258),83.88(0.6633249580710778),84.6,79.2,91.3,91.52,91.52,93.936,92.8,92.16,96.64,95.52,95.36,96.35200000000002(0.9621309682158643),97.44(0.0),97.6,97.632,97.792,97.808,97.696,97.808,97.888,96.96,95.84,96.96
Symbols,96.12060301507539(1.4537819584718372),90.14070352,97.427136,97.66,75.32663316582915(1.147006252312896),95.17587939698493(0.6926657664367015),95.17587939698493(0.6926657664367015),97.48743719,95.9798995,97.08542714,95.37688442,90.07537688442211(3.8147125074316808),83.39195979899499(1.0332103113041236),22.6(16.9),17.386934673366834(0.0),60.402010050251256(25.574976880504153),81.08040201005025(0.5043934648212257),80.30150753768844(3.233308129074451),93.8,95,96.44,94.57286432,95.9798995,95.2663317,88.24120603,96.6834171,96.181,96.3819095,97.3869347,98.03015075376884(0.4739628591980568),98.0904523(0.0),96.47236181,96.72361809,96.72361809,96.62311558,96.66331658,96.85427136,96.97487437,96.583,97.487,97.28643216
SyntheticControl,99.93333333333332(0.13333333333333197),99.18888889,99.966667,99.79,97.50000000000001(0.16666666666667052),98.91666666666666(0.4330127018922154),98.91666666666666(0.4330127018922154),100,100,99.33333333,98.66666667,99.66666666666669(0.2357022603955213),97.41666666666666(0.27638539919628974),29.8(27.8),16.666666666666664(0.0),95.83333333333333(3.0776975521032313),98.66666666666666(0.527046276694728),88.08333333333334(0.43301270189221974),98.3,99.3,99.27,99.33333333,100,99.3666667,98.33333333,96.6666667,99.333,100,99.6666667,99.60000000000001(0.1333333333333453),99.66666670000001(0.0),100,100,100,100,100,100,100,99.667,100,100
ToeSegmentation1,95.39473684210527(0.7404360971988638),95.33625731,96.842105,96.53,68.85964912280701(4.308526908857129),95.94298245614034(0.9989510503447753),95.94298245614034(0.9989510503447753),95.1754386,94.73684211,93.85964912,92.10526316,95.61403508771929(0.438596491228066),59.32017543859649(0.4779494455636686),50.5(2.7),52.63157894736842(0.0),56.03070175438597(3.0760438901547236),59.32017543859649(2.042536843223374),87.60964912280701(3.2136734407352665),75,77.2,93.42105263,78.07017544,82.89473684,88.1578947,96.49122807,93.8596491,94.737,97.3684211,98.245614,96.14035087719299(0.6446025638903111),96.49122809999999(0.0),95.78947368,95.83333333,95.74561404,95.70175439,95.52631579,95.57017544,95.74561404,96.053,96.93,96.05263158
ToeSegmentation2,94.61538461538461(1.3323467750529823),94.51282051,92.384615,95.38,68.65384615384616(0.6378124596837285),89.23076923076923(2.3709284626803746),89.23076923076923(2.3709284626803746),93.84615385,90,93.07692308,91.53846154,89.61538461538461(1.1538461538461517),75.1923076923077(1.1377076505960804),63.2(30.9),81.53846153846153(0.0),66.92307692307692(8.70285269152674),75.96153846153845(2.0622702489929985),79.8076923076923(4.722318906849492),90.8,83.8,91.53846154,80,89.23076923,88,90.76923077,96.1538462,90.769,91.5384615,95.3846154,94.30769230769229(0.3768445758127898),93.8461538(0.0),95.38461538,95.07692308,95.30769231,95.38461538,95.38461538,95.46153846,95.46153846,95.385,94.615,94.61538462
Trace,100.0(0.0),100,100,100,70.0(11.811011811017716),100.0(0.0),100.0(0.0),100,100,100,100,100.0(0.0),80.75(0.4330127018922197),35.4(27.7),24.0(0.0),93.25000000000001(1.4790199457749005),95.24999999999999(0.43301270189221974),93.0(1.5811388300841858),99,100,100,98,99,99.9,100,100,100,100,100,100.0(0.0),100.0(0.0),100,100,100,100,100,100,100,100,100,100
TwoLeadECG,99.92098331870064(0.02633889376646326),99.91220369,99.912204,99.46,78.18261633011413(0.7514153980958602),99.93415276558385(0.03801691851556129),99.93415276558385(0.03801691851556129),99.91220369,100,99.82440737,99.20983319,100.0(0.0),75.43898156277436(0.6978978531863332),50.0(0.0),50.02194907813872(0.038016918515558884),77.69973661106233(14.543347209472158),87.1817383669886(1.1497630249085824),94.71027216856892(2.8206913947239567),99.8,100,99.7,86.56716418,99.2976295,95.0746269,99.73661106,98.0684811,98.975,99.2976295,99.6488147,99.66637401229148(0.10238721501045335),99.5610184(0.0),99.91220369,99.91220369,99.91220369,99.91220369,99.91220369,99.91220369,99.91220369,100,99.912,99.91220369
TwoPatterns,100.0(0.0),99.02583333,100,100,99.9625(0.03750000000000142),87.01875(0.22176493749012657),87.01875(0.22176493749012657),95.95,100,100,100,100.0(0.0),94.7125(0.21972994789058536),40.3(31.1),25.874999999999996(0.0),97.51874999999998(0.178863600265674),99.0625(0.08003905296791089),87.64375(1.001775767075645),86.8,90.4,99.74,97.625,100,99.975,95.5,99.3,99.824,100,100,100.0(0.0),100.0(0.0),100,100,100,100,100,100,100,100,100,100
UWaveGestureLibraryAll,94.2462311557789(0.23867305903396419),95.79657547,97.537688,96.89,93.83724176437744(0.14689813777114152),81.72808486878839(0.08937917696025555),81.72808486878839(0.08937917696025555),77.49860413,81.18369626,89.39140145,91.31769961,86.05527638190954(0.2577636140789966),95.4215522054718(0.1463998950544591),28.9(34.7),12.841987716359576(0.0),92.76940256839754(0.9692995828731004),91.98771635957566(0.1944219469177068),59.54075935231714(4.133154986521145),77.3,72.8,79.98,83.08207705,80.54159687,97.107761,80.29034059,93.8860972,80.96,82.1887214,96.8453378,94.37185929648241(0.33760394099008445),95.1982133(0.0),94.65940815,94.83528755,94.85762144,94.9078727,94.94695701,94.94416527,94.95533222,96.566,96.901,96.8453378
UWaveGestureLibraryX,82.18034617532105(0.28279339535784515),82.0165643,85.474595,84.11,77.1217197096594(0.801743745436875),75.41876046901173(0.3511933452096347),75.41876046901173(0.3511933452096347),77.24734785,79.78782803,80.1228364,79.98324958,78.0429927414852(0.21030875451311326),76.76577331099944(0.2591770606871443),18.9(21.3),12.653545505304297(0.3263914838383565),72.98994974874373(1.2543412029321224),71.99190396426577(1.495518264927443),60.48297040759352(0.9455912649045193),69.9,63.4,71.29,73.61809045,72.5572306,82.1300949,73.0318258,76.2144054,72.473,75.8514796,83.9754327,81.3847012841988(0.35020439487586247),82.4958124(0.0),82.62423227,82.90340592,82.90061418,82.92573981,83.08766052,83.15187046,83.11836963,82.998,82.328,83.91959799
UWaveGestureLibraryY,75.7174762702401(0.5238952141034011),74.49190396,77.398102,77.23,67.49720826353992(0.44640511984778003),64.41233947515356(0.3809339488831704),64.41233947515356(0.3809339488831704),62.6186488,65.71747627,72.02680067,71.80346175,66.82719151312115(0.5349563692335227),69.77247347850363(0.1897302794398146),23.7(24.0),12.088218872138471(0.0),63.84701284198773(1.0402730811773708),62.6395868230039(0.2322139134507808),49.902289223897256(0.9906731629776084),67.8,65.8,73.15,77.24734785,72.36180905,76.239531,74.84645449,68.5092127,76.996,75.041876,76.5494137,75.45505304299273(0.44994616678739796),76.7169179(0.0),76.16694584,76.76158571,76.75600223,76.94584031,76.88721385,76.92629816,76.84812954,76.801,76.103,77.83361251
UWaveGestureLibraryZ,76.36236739251815(0.6834966817743138),77.24734785,79.190396,78.44,68.65577889447236(0.6443334402608515),72.6968174204355(0.24015425089454495),72.6968174204355(0.24015425089454495),61.6694584,70.29592406,74.12060302,72.27805695,74.88135120044667(0.2288330026626894),69.6677833612507(0.17711582273101198),18.0(18.4),12.088218872138471(0.0),64.87995533221664(1.0257494735272912),62.61864879955332(0.888763672793504),56.91652707984367(1.53474109079844),96.6,89.2,95.3378001,92.62981575,96.8453378,75.4885539,94.22110553,69.4863205,95.031,96.4265773,78.3082077,75.01954215522055(0.40084513893462087),76.40982690000001(0.0),77.13288666,77.42322725,77.52372976,77.63260748,77.5041876,77.7638191,77.63260748,77.024,75.879,78.16862088
Wafer,99.83776768332253(0.054775934510492404),99.9978369,99.823167,99.91,99.77693056456846(0.028964261958720944),99.71203763789747(0.013451593082226817),99.71203763789747(0.013451593082226817),99.80532122,99.72420506,99.62686567,99.74042829,99.7931537962362(0.05778636781624749),99.58225178455548(0.028964261958727547),91.3(4.4),89.21155094094743(0.0),99.1239454899416(0.2837906503007087),96.1023685918235(0.02659571108168665),91.64097988319273(0.17106665078652872),99.5,98,99.62,99.51330305,99.74042829,99.5084361,100,99.4808566,100,99.9837768,99.9351071,99.8580467229072(0.007024865377863908),99.85399090000001(0.0),99.86048021,99.85723556,99.86210253,99.85561324,99.85399091,99.85236859,99.85399091,99.87,99.74,99.83776768
Wine,74.44444444444444(11.469527827557053),88.58024691,81.296296,89.06,55.092592592592595(2.7389258255090807),63.88888888888889(8.333333333333332),63.88888888888889(8.333333333333332),75.92592593,87.03703704,77.77777778,88.88888889,68.9814814814815(11.062780690137517),51.85185185185185(3.2075014954979206),50.0(0.0),50.0(0.0),50.0(0.0),52.31481481481482(4.4163851917451185),74.53703703703705(8.005377993421563),61.1,57.4,50,61.11111111,57.40740741,53.5185185,79.62962963,74.0740741,85.185,64.8148148,77.7777778,65.92592592592592(5.925925925925927),61.1111111(0.0),78.7037037,83.7037037,84.25925926,83.51851852,83.88888889,84.25925926,84.81481481,79.63,50,81.48148148
WordSynonyms,74.2319749216301(0.7457916773272921),62.30407524,75.344828,78.74,55.79937304075236(1.3709134549009339),56.15203761755485(0.5124097504162276),56.15203761755485(0.5124097504162276),65.98746082,68.80877743,73.04075235,73.04075235,61.3244514106583(0.4750923061513374),59.952978056426346(0.17524043710813617),28.4(13.6),21.943573667711604(0.0),47.64890282131662(5.784527300077098),56.62225705329155(0.30098533494782975),50.54858934169278(1.9903487616301445),74.8,64.9,66.02,68.80877743,77.89968652,74.137931,57.05329154,63.7931034,72.414,75.7053292,73.8244514,73.22884012539184(0.7175876578219182),73.354232(0.0),75.28213166,76.15987461,75.97178683,75.89341693,76.2539185,76.17554859,76.31661442,74.765,73.668,77.27272727
Worms,76.49350649350649(2.689911061975063),73.33333333,74.025974,80.17,55.84415584415584(2.754961485142394),77.5974025974026(0.5623541583015838),77.5974025974026(0.5623541583015838),77.92207792,71.42857143,71.42857143,70.12987013,77.59740259740259(2.4938784895677304),46.103896103896105(2.1536524612697385),42.9(0.0),42.857142857142854(0.0),41.55844155844156(2.249416633206333),42.20779220779221(1.94805194805195),46.75324675324675(3.045724519365862),53.2,58.4,61.03896104,68.83116883,66.23376623,66.4935065,74.02597403,55.8441558,80.519,62.3376623,55.8441558,76.88311688311688(1.9086933060648146),77.9220779(0.0),78.18181818,78.7012987,78.83116883,79.22077922,78.96103896,79.87012987,78.57142857,77.922,68.831,76.62337662
WormsTwoClass,65.71428571428572(3.589681808074093),78.52813853,79.74026,81.58,69.15584415584415(1.4152269297209985),74.02597402597404(2.0534270520573896),74.02597402597404(2.0534270520573896),75.32467532,68.83116883,75.32467532,63.63636364,75.32467532467533(2.0534270520573896),60.38961038961038(1.9480519480519487),57.1(0.0),57.14285714285714(0.0),59.09090909090908(1.9480519480519487),54.87012987012987(1.6870624749047511),56.81818181818181(1.0768262306348704),58.4,62.3,72.72727273,75.32467532,68.83116883,74.025974,83.11688312,83.1168831,80.519,80.5194805,77.9220779,78.18181818181819(1.2724622040432099),79.2207792(0.0),65.45454545,65.45454545,64.67532468,65.84415584,65.97402597,66.36363636,66.1038961,74.026,70.13,70.12987013
Yoga,91.05666666666667(0.8834339565330033),87.99888889,91.036667,83.47,75.34166666666667(0.8400975472460881),83.63333333333333(0.24832774042918812),83.63333333333333(0.24832774042918812),87.3,89.46666667,90.2,87,86.73333333333333(0.3324989557210004),85.60833333333333(0.28999521068842415),53.6(0.0),53.56666666666666(0.0),74.8(3.2075431927463303),78.56666666666668(0.335824027993498),62.5(1.1848581724784157),84.4,83.6,84.99,81.93333333,87.9,87.6133333,81.76666667,91.8333333,90.9,87.6666667,91.7666667,89.05999999999999(0.8193222131059787),90.1666667(0.0),91.37,92.22333333,92.19666667,92.35666667,92.40333333,92.31666667,92.43666667,90.733,89.8,92.06666667
